-- phpMyAdmin SQL Dump
-- version 5.2.1
-- https://www.phpmyadmin.net/
--
-- Hôte : 127.0.0.1
-- Généré le : dim. 26 mai 2024 à 16:48
-- Version du serveur : 10.4.32-MariaDB
-- Version de PHP : 8.2.12

SET SQL_MODE = "NO_AUTO_VALUE_ON_ZERO";
START TRANSACTION;
SET time_zone = "+00:00";


/*!40101 SET @OLD_CHARACTER_SET_CLIENT=@@CHARACTER_SET_CLIENT */;
/*!40101 SET @OLD_CHARACTER_SET_RESULTS=@@CHARACTER_SET_RESULTS */;
/*!40101 SET @OLD_COLLATION_CONNECTION=@@COLLATION_CONNECTION */;
/*!40101 SET NAMES utf8mb4 */;

--
-- Base de données : `facebook2.0`
--

-- --------------------------------------------------------

--
-- Structure de la table `comments`
--

CREATE TABLE `comments` (
  `id` int(11) NOT NULL,
  `publication_id` int(11) DEFAULT NULL,
  `user_id` int(11) DEFAULT NULL,
  `comment` text DEFAULT NULL,
  `created_at` timestamp NOT NULL DEFAULT current_timestamp()
) ENGINE=InnoDB DEFAULT CHARSET=utf8mb4 COLLATE=utf8mb4_general_ci;

--
-- Déchargement des données de la table `comments`
--

INSERT INTO `comments` (`id`, `publication_id`, `user_id`, `comment`, `created_at`) VALUES
(21, 7, 7, 'OOO', '2024-05-13 06:42:39'),
(25, 16, 6, 'HELLO', '2024-05-14 16:19:02'),
(26, 16, 6, 'lol', '2024-05-15 09:16:49'),
(27, 17, 10, 'yoyooyy', '2024-05-15 12:08:20'),
(28, 19, 6, 'de', '2024-05-17 07:21:20'),
(29, 19, 6, 'FF', '2024-05-17 10:47:15'),
(30, 20, 6, 'EE', '2024-05-17 20:46:13');

-- --------------------------------------------------------

--
-- Structure de la table `conversations`
--

CREATE TABLE `conversations` (
  `conversation_id` varchar(255) NOT NULL,
  `user1_id` int(11) NOT NULL,
  `user2_id` int(11) NOT NULL
) ENGINE=InnoDB DEFAULT CHARSET=utf8mb4 COLLATE=utf8mb4_general_ci;

--
-- Déchargement des données de la table `conversations`
--

INSERT INTO `conversations` (`conversation_id`, `user1_id`, `user2_id`) VALUES
('66425a8807a49', 6, 5),
('66427907bc799', 6, 7),
('6644a87217865', 10, 10),
('6647554821b99', 5, 10),
('664755482b81f', 5, 11);

-- --------------------------------------------------------

--
-- Structure de la table `friendships`
--

CREATE TABLE `friendships` (
  `user_id` int(11) NOT NULL,
  `friend_id` int(11) NOT NULL
) ENGINE=InnoDB DEFAULT CHARSET=utf8mb4 COLLATE=utf8mb4_general_ci;

--
-- Déchargement des données de la table `friendships`
--

INSERT INTO `friendships` (`user_id`, `friend_id`) VALUES
(5, 6),
(5, 10),
(5, 11),
(6, 5),
(6, 7),
(7, 6),
(7, 8),
(8, 7),
(8, 9),
(9, 7),
(9, 8),
(9, 10);

-- --------------------------------------------------------

--
-- Structure de la table `friend_requests`
--

CREATE TABLE `friend_requests` (
  `request_id` int(11) NOT NULL,
  `from_user_id` int(11) NOT NULL,
  `to_user_id` int(11) NOT NULL,
  `status` enum('pending','accepted','rejected') DEFAULT 'pending',
  `created_at` timestamp NOT NULL DEFAULT current_timestamp()
) ENGINE=InnoDB DEFAULT CHARSET=utf8mb4 COLLATE=utf8mb4_general_ci;

--
-- Déchargement des données de la table `friend_requests`
--

INSERT INTO `friend_requests` (`request_id`, `from_user_id`, `to_user_id`, `status`, `created_at`) VALUES
(1, 6, 5, 'accepted', '2024-05-10 18:11:58'),
(2, 6, 5, 'accepted', '2024-05-11 06:28:38'),
(3, 5, 6, 'accepted', '2024-05-11 06:29:18'),
(4, 6, 7, 'accepted', '2024-05-11 07:26:58'),
(5, 7, 5, 'pending', '2024-05-11 08:02:16'),
(6, 6, 7, 'accepted', '2024-05-11 18:09:57'),
(7, 8, 6, 'pending', '2024-05-12 15:00:39'),
(8, 6, 7, 'accepted', '2024-05-12 16:08:55'),
(9, 7, 6, 'accepted', '2024-05-12 16:12:20'),
(10, 7, 8, 'accepted', '2024-05-12 16:12:57'),
(11, 8, 7, 'accepted', '2024-05-12 16:13:51'),
(12, 9, 8, 'accepted', '2024-05-12 16:15:28'),
(13, 8, 9, 'accepted', '2024-05-12 16:15:49'),
(14, 7, 9, 'accepted', '2024-05-12 18:04:03'),
(15, 10, 5, 'accepted', '2024-05-15 12:04:20'),
(16, 10, 9, 'accepted', '2024-05-15 12:18:51'),
(17, 11, 5, 'accepted', '2024-05-17 05:33:26'),
(18, 12, 6, 'pending', '2024-05-17 06:38:56'),
(19, 41, 42, 'pending', '2024-05-17 07:30:18'),
(20, 40, 42, 'pending', '2024-05-17 07:30:18'),
(21, 39, 42, 'pending', '2024-05-17 07:30:18'),
(22, 38, 42, 'pending', '2024-05-17 07:30:18'),
(23, 37, 42, 'pending', '2024-05-17 07:30:18'),
(24, 36, 42, 'pending', '2024-05-17 07:30:18'),
(25, 35, 42, 'pending', '2024-05-17 07:30:18'),
(26, 34, 42, 'pending', '2024-05-17 07:30:18'),
(27, 33, 42, 'pending', '2024-05-17 07:30:18'),
(28, 32, 42, 'pending', '2024-05-17 07:30:18'),
(29, 31, 42, 'pending', '2024-05-17 07:30:18'),
(30, 30, 42, 'pending', '2024-05-17 07:30:18'),
(31, 29, 42, 'pending', '2024-05-17 07:30:18'),
(32, 28, 42, 'pending', '2024-05-17 07:30:18'),
(33, 27, 42, 'pending', '2024-05-17 07:30:18'),
(34, 26, 42, 'pending', '2024-05-17 07:30:18'),
(35, 25, 42, 'pending', '2024-05-17 07:30:18'),
(36, 24, 42, 'pending', '2024-05-17 07:30:18'),
(37, 23, 42, 'pending', '2024-05-17 07:30:18'),
(38, 22, 42, 'pending', '2024-05-17 07:30:18'),
(39, 21, 42, 'pending', '2024-05-17 07:30:18'),
(40, 20, 42, 'pending', '2024-05-17 07:30:18'),
(41, 19, 42, 'pending', '2024-05-17 07:30:18'),
(42, 18, 42, 'pending', '2024-05-17 07:30:18'),
(43, 17, 42, 'pending', '2024-05-17 07:30:18'),
(44, 16, 42, 'pending', '2024-05-17 07:30:18'),
(45, 15, 42, 'pending', '2024-05-17 07:30:18'),
(46, 14, 42, 'pending', '2024-05-17 07:30:18'),
(47, 13, 42, 'pending', '2024-05-17 07:30:18'),
(48, 42, 41, 'pending', '2024-05-17 07:30:18'),
(49, 40, 41, 'pending', '2024-05-17 07:30:18'),
(50, 39, 41, 'pending', '2024-05-17 07:30:18'),
(51, 38, 41, 'pending', '2024-05-17 07:30:18'),
(52, 37, 41, 'pending', '2024-05-17 07:30:18'),
(53, 36, 41, 'pending', '2024-05-17 07:30:18'),
(54, 35, 41, 'pending', '2024-05-17 07:30:18'),
(55, 34, 41, 'pending', '2024-05-17 07:30:18'),
(56, 33, 41, 'pending', '2024-05-17 07:30:18'),
(57, 32, 41, 'pending', '2024-05-17 07:30:18'),
(58, 31, 41, 'pending', '2024-05-17 07:30:18'),
(59, 30, 41, 'pending', '2024-05-17 07:30:18'),
(60, 29, 41, 'pending', '2024-05-17 07:30:18'),
(61, 28, 41, 'pending', '2024-05-17 07:30:18'),
(62, 27, 41, 'pending', '2024-05-17 07:30:18'),
(63, 26, 41, 'pending', '2024-05-17 07:30:18'),
(64, 25, 41, 'pending', '2024-05-17 07:30:18'),
(65, 24, 41, 'pending', '2024-05-17 07:30:18'),
(66, 23, 41, 'pending', '2024-05-17 07:30:18'),
(67, 22, 41, 'pending', '2024-05-17 07:30:18'),
(68, 21, 41, 'pending', '2024-05-17 07:30:18'),
(69, 20, 41, 'pending', '2024-05-17 07:30:18'),
(70, 19, 41, 'pending', '2024-05-17 07:30:18'),
(71, 18, 41, 'pending', '2024-05-17 07:30:18'),
(72, 17, 41, 'pending', '2024-05-17 07:30:18'),
(73, 16, 41, 'pending', '2024-05-17 07:30:18'),
(74, 15, 41, 'pending', '2024-05-17 07:30:18'),
(75, 14, 41, 'pending', '2024-05-17 07:30:18'),
(76, 13, 41, 'pending', '2024-05-17 07:30:18'),
(77, 42, 40, 'pending', '2024-05-17 07:30:18'),
(78, 41, 40, 'pending', '2024-05-17 07:30:18'),
(79, 39, 40, 'pending', '2024-05-17 07:30:18'),
(80, 38, 40, 'pending', '2024-05-17 07:30:18'),
(81, 37, 40, 'pending', '2024-05-17 07:30:18'),
(82, 36, 40, 'pending', '2024-05-17 07:30:18'),
(83, 35, 40, 'pending', '2024-05-17 07:30:18'),
(84, 34, 40, 'pending', '2024-05-17 07:30:18'),
(85, 33, 40, 'pending', '2024-05-17 07:30:18'),
(86, 32, 40, 'pending', '2024-05-17 07:30:18'),
(87, 31, 40, 'pending', '2024-05-17 07:30:18'),
(88, 30, 40, 'pending', '2024-05-17 07:30:18'),
(89, 29, 40, 'pending', '2024-05-17 07:30:18'),
(90, 28, 40, 'pending', '2024-05-17 07:30:18'),
(91, 27, 40, 'pending', '2024-05-17 07:30:18'),
(92, 26, 40, 'pending', '2024-05-17 07:30:18'),
(93, 25, 40, 'pending', '2024-05-17 07:30:18'),
(94, 24, 40, 'pending', '2024-05-17 07:30:18'),
(95, 23, 40, 'pending', '2024-05-17 07:30:18'),
(96, 22, 40, 'pending', '2024-05-17 07:30:18'),
(97, 21, 40, 'pending', '2024-05-17 07:30:18'),
(98, 20, 40, 'pending', '2024-05-17 07:30:18'),
(99, 19, 40, 'pending', '2024-05-17 07:30:18'),
(100, 18, 40, 'pending', '2024-05-17 07:30:18'),
(101, 17, 40, 'pending', '2024-05-17 07:30:18'),
(102, 16, 40, 'pending', '2024-05-17 07:30:18'),
(103, 15, 40, 'pending', '2024-05-17 07:30:18'),
(104, 14, 40, 'pending', '2024-05-17 07:30:18'),
(105, 13, 40, 'pending', '2024-05-17 07:30:18'),
(106, 42, 39, 'pending', '2024-05-17 07:30:18'),
(107, 41, 39, 'pending', '2024-05-17 07:30:18'),
(108, 40, 39, 'pending', '2024-05-17 07:30:18'),
(109, 38, 39, 'pending', '2024-05-17 07:30:18'),
(110, 37, 39, 'pending', '2024-05-17 07:30:18'),
(111, 36, 39, 'pending', '2024-05-17 07:30:18'),
(112, 35, 39, 'pending', '2024-05-17 07:30:18'),
(113, 34, 39, 'pending', '2024-05-17 07:30:18'),
(114, 33, 39, 'pending', '2024-05-17 07:30:18'),
(115, 32, 39, 'pending', '2024-05-17 07:30:18'),
(116, 31, 39, 'pending', '2024-05-17 07:30:18'),
(117, 30, 39, 'pending', '2024-05-17 07:30:18'),
(118, 29, 39, 'pending', '2024-05-17 07:30:18'),
(119, 28, 39, 'pending', '2024-05-17 07:30:18'),
(120, 27, 39, 'pending', '2024-05-17 07:30:18'),
(121, 26, 39, 'pending', '2024-05-17 07:30:18'),
(122, 25, 39, 'pending', '2024-05-17 07:30:18'),
(123, 24, 39, 'pending', '2024-05-17 07:30:18'),
(124, 23, 39, 'pending', '2024-05-17 07:30:18'),
(125, 22, 39, 'pending', '2024-05-17 07:30:18'),
(126, 21, 39, 'pending', '2024-05-17 07:30:18'),
(127, 20, 39, 'pending', '2024-05-17 07:30:18'),
(128, 19, 39, 'pending', '2024-05-17 07:30:18'),
(129, 18, 39, 'pending', '2024-05-17 07:30:18'),
(130, 17, 39, 'pending', '2024-05-17 07:30:18'),
(131, 16, 39, 'pending', '2024-05-17 07:30:18'),
(132, 15, 39, 'pending', '2024-05-17 07:30:18'),
(133, 14, 39, 'pending', '2024-05-17 07:30:18'),
(134, 13, 39, 'pending', '2024-05-17 07:30:18'),
(135, 42, 38, 'pending', '2024-05-17 07:30:18'),
(136, 41, 38, 'pending', '2024-05-17 07:30:18'),
(137, 40, 38, 'pending', '2024-05-17 07:30:18'),
(138, 39, 38, 'pending', '2024-05-17 07:30:18'),
(139, 37, 38, 'pending', '2024-05-17 07:30:18'),
(140, 36, 38, 'pending', '2024-05-17 07:30:18'),
(141, 35, 38, 'pending', '2024-05-17 07:30:18'),
(142, 34, 38, 'pending', '2024-05-17 07:30:18'),
(143, 33, 38, 'pending', '2024-05-17 07:30:18'),
(144, 32, 38, 'pending', '2024-05-17 07:30:18'),
(145, 31, 38, 'pending', '2024-05-17 07:30:18'),
(146, 30, 38, 'pending', '2024-05-17 07:30:18'),
(147, 29, 38, 'pending', '2024-05-17 07:30:18'),
(148, 28, 38, 'pending', '2024-05-17 07:30:18'),
(149, 27, 38, 'pending', '2024-05-17 07:30:18'),
(150, 26, 38, 'pending', '2024-05-17 07:30:18'),
(151, 25, 38, 'pending', '2024-05-17 07:30:18'),
(152, 24, 38, 'pending', '2024-05-17 07:30:18'),
(153, 23, 38, 'pending', '2024-05-17 07:30:18'),
(154, 22, 38, 'pending', '2024-05-17 07:30:18'),
(155, 21, 38, 'pending', '2024-05-17 07:30:18'),
(156, 20, 38, 'pending', '2024-05-17 07:30:18'),
(157, 19, 38, 'pending', '2024-05-17 07:30:18'),
(158, 18, 38, 'pending', '2024-05-17 07:30:18'),
(159, 17, 38, 'pending', '2024-05-17 07:30:18'),
(160, 16, 38, 'pending', '2024-05-17 07:30:18'),
(161, 15, 38, 'pending', '2024-05-17 07:30:18'),
(162, 14, 38, 'pending', '2024-05-17 07:30:18'),
(163, 13, 38, 'pending', '2024-05-17 07:30:18'),
(164, 42, 37, 'pending', '2024-05-17 07:30:18'),
(165, 41, 37, 'pending', '2024-05-17 07:30:18'),
(166, 40, 37, 'pending', '2024-05-17 07:30:18'),
(167, 39, 37, 'pending', '2024-05-17 07:30:18'),
(168, 38, 37, 'pending', '2024-05-17 07:30:18'),
(169, 36, 37, 'pending', '2024-05-17 07:30:18'),
(170, 35, 37, 'pending', '2024-05-17 07:30:18'),
(171, 34, 37, 'pending', '2024-05-17 07:30:18'),
(172, 33, 37, 'pending', '2024-05-17 07:30:18'),
(173, 32, 37, 'pending', '2024-05-17 07:30:18'),
(174, 31, 37, 'pending', '2024-05-17 07:30:18'),
(175, 30, 37, 'pending', '2024-05-17 07:30:18'),
(176, 29, 37, 'pending', '2024-05-17 07:30:18'),
(177, 28, 37, 'pending', '2024-05-17 07:30:18'),
(178, 27, 37, 'pending', '2024-05-17 07:30:18'),
(179, 26, 37, 'pending', '2024-05-17 07:30:18'),
(180, 25, 37, 'pending', '2024-05-17 07:30:18'),
(181, 24, 37, 'pending', '2024-05-17 07:30:18'),
(182, 23, 37, 'pending', '2024-05-17 07:30:18'),
(183, 22, 37, 'pending', '2024-05-17 07:30:18'),
(184, 21, 37, 'pending', '2024-05-17 07:30:18'),
(185, 20, 37, 'pending', '2024-05-17 07:30:18'),
(186, 19, 37, 'pending', '2024-05-17 07:30:18'),
(187, 18, 37, 'pending', '2024-05-17 07:30:18'),
(188, 17, 37, 'pending', '2024-05-17 07:30:18'),
(189, 16, 37, 'pending', '2024-05-17 07:30:18'),
(190, 15, 37, 'pending', '2024-05-17 07:30:18'),
(191, 14, 37, 'pending', '2024-05-17 07:30:18'),
(192, 13, 37, 'pending', '2024-05-17 07:30:18'),
(193, 42, 36, 'pending', '2024-05-17 07:30:18'),
(194, 41, 36, 'pending', '2024-05-17 07:30:18'),
(195, 40, 36, 'pending', '2024-05-17 07:30:18'),
(196, 39, 36, 'pending', '2024-05-17 07:30:18'),
(197, 38, 36, 'pending', '2024-05-17 07:30:18'),
(198, 37, 36, 'pending', '2024-05-17 07:30:18'),
(199, 35, 36, 'pending', '2024-05-17 07:30:18'),
(200, 34, 36, 'pending', '2024-05-17 07:30:18'),
(201, 33, 36, 'pending', '2024-05-17 07:30:18'),
(202, 32, 36, 'pending', '2024-05-17 07:30:18'),
(203, 31, 36, 'pending', '2024-05-17 07:30:18'),
(204, 30, 36, 'pending', '2024-05-17 07:30:18'),
(205, 29, 36, 'pending', '2024-05-17 07:30:18'),
(206, 28, 36, 'pending', '2024-05-17 07:30:18'),
(207, 27, 36, 'pending', '2024-05-17 07:30:18'),
(208, 26, 36, 'pending', '2024-05-17 07:30:18'),
(209, 25, 36, 'pending', '2024-05-17 07:30:18'),
(210, 24, 36, 'pending', '2024-05-17 07:30:18'),
(211, 23, 36, 'pending', '2024-05-17 07:30:18'),
(212, 22, 36, 'pending', '2024-05-17 07:30:18'),
(213, 21, 36, 'pending', '2024-05-17 07:30:18'),
(214, 20, 36, 'pending', '2024-05-17 07:30:18'),
(215, 19, 36, 'pending', '2024-05-17 07:30:18'),
(216, 18, 36, 'pending', '2024-05-17 07:30:18'),
(217, 17, 36, 'pending', '2024-05-17 07:30:18'),
(218, 16, 36, 'pending', '2024-05-17 07:30:18'),
(219, 15, 36, 'pending', '2024-05-17 07:30:18'),
(220, 14, 36, 'pending', '2024-05-17 07:30:18'),
(221, 13, 36, 'pending', '2024-05-17 07:30:18'),
(222, 42, 35, 'pending', '2024-05-17 07:30:18'),
(223, 41, 35, 'pending', '2024-05-17 07:30:18'),
(224, 40, 35, 'pending', '2024-05-17 07:30:18'),
(225, 39, 35, 'pending', '2024-05-17 07:30:18'),
(226, 38, 35, 'pending', '2024-05-17 07:30:18'),
(227, 37, 35, 'pending', '2024-05-17 07:30:18'),
(228, 36, 35, 'pending', '2024-05-17 07:30:18'),
(229, 34, 35, 'pending', '2024-05-17 07:30:18'),
(230, 33, 35, 'pending', '2024-05-17 07:30:18'),
(231, 32, 35, 'pending', '2024-05-17 07:30:18'),
(232, 31, 35, 'pending', '2024-05-17 07:30:18'),
(233, 30, 35, 'pending', '2024-05-17 07:30:18'),
(234, 29, 35, 'pending', '2024-05-17 07:30:18'),
(235, 28, 35, 'pending', '2024-05-17 07:30:18'),
(236, 27, 35, 'pending', '2024-05-17 07:30:18'),
(237, 26, 35, 'pending', '2024-05-17 07:30:18'),
(238, 25, 35, 'pending', '2024-05-17 07:30:18'),
(239, 24, 35, 'pending', '2024-05-17 07:30:18'),
(240, 23, 35, 'pending', '2024-05-17 07:30:18'),
(241, 22, 35, 'pending', '2024-05-17 07:30:18'),
(242, 21, 35, 'pending', '2024-05-17 07:30:18'),
(243, 20, 35, 'pending', '2024-05-17 07:30:18'),
(244, 19, 35, 'pending', '2024-05-17 07:30:18'),
(245, 18, 35, 'pending', '2024-05-17 07:30:18'),
(246, 17, 35, 'pending', '2024-05-17 07:30:18'),
(247, 16, 35, 'pending', '2024-05-17 07:30:18'),
(248, 15, 35, 'pending', '2024-05-17 07:30:18'),
(249, 14, 35, 'pending', '2024-05-17 07:30:18'),
(250, 13, 35, 'pending', '2024-05-17 07:30:18'),
(251, 42, 34, 'pending', '2024-05-17 07:30:18'),
(252, 41, 34, 'pending', '2024-05-17 07:30:18'),
(253, 40, 34, 'pending', '2024-05-17 07:30:18'),
(254, 39, 34, 'pending', '2024-05-17 07:30:18'),
(255, 38, 34, 'pending', '2024-05-17 07:30:18'),
(256, 37, 34, 'pending', '2024-05-17 07:30:18'),
(257, 36, 34, 'pending', '2024-05-17 07:30:18'),
(258, 35, 34, 'pending', '2024-05-17 07:30:18'),
(259, 33, 34, 'pending', '2024-05-17 07:30:18'),
(260, 32, 34, 'pending', '2024-05-17 07:30:18'),
(261, 31, 34, 'pending', '2024-05-17 07:30:18'),
(262, 30, 34, 'pending', '2024-05-17 07:30:18'),
(263, 29, 34, 'pending', '2024-05-17 07:30:18'),
(264, 28, 34, 'pending', '2024-05-17 07:30:18'),
(265, 27, 34, 'pending', '2024-05-17 07:30:18'),
(266, 26, 34, 'pending', '2024-05-17 07:30:18'),
(267, 25, 34, 'pending', '2024-05-17 07:30:18'),
(268, 24, 34, 'pending', '2024-05-17 07:30:18'),
(269, 23, 34, 'pending', '2024-05-17 07:30:18'),
(270, 22, 34, 'pending', '2024-05-17 07:30:18'),
(271, 21, 34, 'pending', '2024-05-17 07:30:18'),
(272, 20, 34, 'pending', '2024-05-17 07:30:18'),
(273, 19, 34, 'pending', '2024-05-17 07:30:18'),
(274, 18, 34, 'pending', '2024-05-17 07:30:18'),
(275, 17, 34, 'pending', '2024-05-17 07:30:18'),
(276, 16, 34, 'pending', '2024-05-17 07:30:18'),
(277, 15, 34, 'pending', '2024-05-17 07:30:18'),
(278, 14, 34, 'pending', '2024-05-17 07:30:18'),
(279, 13, 34, 'pending', '2024-05-17 07:30:18'),
(280, 42, 33, 'pending', '2024-05-17 07:30:18'),
(281, 41, 33, 'pending', '2024-05-17 07:30:18'),
(282, 40, 33, 'pending', '2024-05-17 07:30:18'),
(283, 39, 33, 'pending', '2024-05-17 07:30:18'),
(284, 38, 33, 'pending', '2024-05-17 07:30:18'),
(285, 37, 33, 'pending', '2024-05-17 07:30:18'),
(286, 36, 33, 'pending', '2024-05-17 07:30:18'),
(287, 35, 33, 'pending', '2024-05-17 07:30:18'),
(288, 34, 33, 'pending', '2024-05-17 07:30:18'),
(289, 32, 33, 'pending', '2024-05-17 07:30:18'),
(290, 31, 33, 'pending', '2024-05-17 07:30:18'),
(291, 30, 33, 'pending', '2024-05-17 07:30:18'),
(292, 29, 33, 'pending', '2024-05-17 07:30:18'),
(293, 28, 33, 'pending', '2024-05-17 07:30:18'),
(294, 27, 33, 'pending', '2024-05-17 07:30:18'),
(295, 26, 33, 'pending', '2024-05-17 07:30:18'),
(296, 25, 33, 'pending', '2024-05-17 07:30:18'),
(297, 24, 33, 'pending', '2024-05-17 07:30:18'),
(298, 23, 33, 'pending', '2024-05-17 07:30:18'),
(299, 22, 33, 'pending', '2024-05-17 07:30:18'),
(300, 21, 33, 'pending', '2024-05-17 07:30:18'),
(301, 20, 33, 'pending', '2024-05-17 07:30:18'),
(302, 19, 33, 'pending', '2024-05-17 07:30:18'),
(303, 18, 33, 'pending', '2024-05-17 07:30:18'),
(304, 17, 33, 'pending', '2024-05-17 07:30:18'),
(305, 16, 33, 'pending', '2024-05-17 07:30:18'),
(306, 15, 33, 'pending', '2024-05-17 07:30:18'),
(307, 14, 33, 'pending', '2024-05-17 07:30:18'),
(308, 13, 33, 'pending', '2024-05-17 07:30:18'),
(309, 42, 32, 'pending', '2024-05-17 07:30:18'),
(310, 41, 32, 'pending', '2024-05-17 07:30:18'),
(311, 40, 32, 'pending', '2024-05-17 07:30:18'),
(312, 39, 32, 'pending', '2024-05-17 07:30:18'),
(313, 38, 32, 'pending', '2024-05-17 07:30:18'),
(314, 37, 32, 'pending', '2024-05-17 07:30:18'),
(315, 36, 32, 'pending', '2024-05-17 07:30:18'),
(316, 35, 32, 'pending', '2024-05-17 07:30:18'),
(317, 34, 32, 'pending', '2024-05-17 07:30:18'),
(318, 33, 32, 'pending', '2024-05-17 07:30:18'),
(319, 31, 32, 'pending', '2024-05-17 07:30:18'),
(320, 30, 32, 'pending', '2024-05-17 07:30:18'),
(321, 29, 32, 'pending', '2024-05-17 07:30:18'),
(322, 28, 32, 'pending', '2024-05-17 07:30:18'),
(323, 27, 32, 'pending', '2024-05-17 07:30:18'),
(324, 26, 32, 'pending', '2024-05-17 07:30:18'),
(325, 25, 32, 'pending', '2024-05-17 07:30:18'),
(326, 24, 32, 'pending', '2024-05-17 07:30:18'),
(327, 23, 32, 'pending', '2024-05-17 07:30:18'),
(328, 22, 32, 'pending', '2024-05-17 07:30:18'),
(329, 21, 32, 'pending', '2024-05-17 07:30:18'),
(330, 20, 32, 'pending', '2024-05-17 07:30:18'),
(331, 19, 32, 'pending', '2024-05-17 07:30:18'),
(332, 18, 32, 'pending', '2024-05-17 07:30:18'),
(333, 17, 32, 'pending', '2024-05-17 07:30:18'),
(334, 16, 32, 'pending', '2024-05-17 07:30:18'),
(335, 15, 32, 'pending', '2024-05-17 07:30:18'),
(336, 14, 32, 'pending', '2024-05-17 07:30:18'),
(337, 13, 32, 'pending', '2024-05-17 07:30:18'),
(338, 42, 31, 'pending', '2024-05-17 07:30:18'),
(339, 41, 31, 'pending', '2024-05-17 07:30:18'),
(340, 40, 31, 'pending', '2024-05-17 07:30:18'),
(341, 39, 31, 'pending', '2024-05-17 07:30:18'),
(342, 38, 31, 'pending', '2024-05-17 07:30:18'),
(343, 37, 31, 'pending', '2024-05-17 07:30:18'),
(344, 36, 31, 'pending', '2024-05-17 07:30:18'),
(345, 35, 31, 'pending', '2024-05-17 07:30:18'),
(346, 34, 31, 'pending', '2024-05-17 07:30:18'),
(347, 33, 31, 'pending', '2024-05-17 07:30:18'),
(348, 32, 31, 'pending', '2024-05-17 07:30:18'),
(349, 30, 31, 'pending', '2024-05-17 07:30:18'),
(350, 29, 31, 'pending', '2024-05-17 07:30:18'),
(351, 28, 31, 'pending', '2024-05-17 07:30:18'),
(352, 27, 31, 'pending', '2024-05-17 07:30:18'),
(353, 26, 31, 'pending', '2024-05-17 07:30:18'),
(354, 25, 31, 'pending', '2024-05-17 07:30:18'),
(355, 24, 31, 'pending', '2024-05-17 07:30:18'),
(356, 23, 31, 'pending', '2024-05-17 07:30:18'),
(357, 22, 31, 'pending', '2024-05-17 07:30:18'),
(358, 21, 31, 'pending', '2024-05-17 07:30:18'),
(359, 20, 31, 'pending', '2024-05-17 07:30:18'),
(360, 19, 31, 'pending', '2024-05-17 07:30:18'),
(361, 18, 31, 'pending', '2024-05-17 07:30:18'),
(362, 17, 31, 'pending', '2024-05-17 07:30:18'),
(363, 16, 31, 'pending', '2024-05-17 07:30:18'),
(364, 15, 31, 'pending', '2024-05-17 07:30:18'),
(365, 14, 31, 'pending', '2024-05-17 07:30:18'),
(366, 13, 31, 'pending', '2024-05-17 07:30:18'),
(367, 42, 30, 'pending', '2024-05-17 07:30:18'),
(368, 41, 30, 'pending', '2024-05-17 07:30:18'),
(369, 40, 30, 'pending', '2024-05-17 07:30:18'),
(370, 39, 30, 'pending', '2024-05-17 07:30:18'),
(371, 38, 30, 'pending', '2024-05-17 07:30:18'),
(372, 37, 30, 'pending', '2024-05-17 07:30:18'),
(373, 36, 30, 'pending', '2024-05-17 07:30:18'),
(374, 35, 30, 'pending', '2024-05-17 07:30:18'),
(375, 34, 30, 'pending', '2024-05-17 07:30:18'),
(376, 33, 30, 'pending', '2024-05-17 07:30:18'),
(377, 32, 30, 'pending', '2024-05-17 07:30:18'),
(378, 31, 30, 'pending', '2024-05-17 07:30:18'),
(379, 29, 30, 'pending', '2024-05-17 07:30:18'),
(380, 28, 30, 'pending', '2024-05-17 07:30:18'),
(381, 27, 30, 'pending', '2024-05-17 07:30:18'),
(382, 26, 30, 'pending', '2024-05-17 07:30:18'),
(383, 25, 30, 'pending', '2024-05-17 07:30:18'),
(384, 24, 30, 'pending', '2024-05-17 07:30:18'),
(385, 23, 30, 'pending', '2024-05-17 07:30:18'),
(386, 22, 30, 'pending', '2024-05-17 07:30:18'),
(387, 21, 30, 'pending', '2024-05-17 07:30:18'),
(388, 20, 30, 'pending', '2024-05-17 07:30:18'),
(389, 19, 30, 'pending', '2024-05-17 07:30:18'),
(390, 18, 30, 'pending', '2024-05-17 07:30:18'),
(391, 17, 30, 'pending', '2024-05-17 07:30:18'),
(392, 16, 30, 'pending', '2024-05-17 07:30:18'),
(393, 15, 30, 'pending', '2024-05-17 07:30:18'),
(394, 14, 30, 'pending', '2024-05-17 07:30:18'),
(395, 13, 30, 'pending', '2024-05-17 07:30:18'),
(396, 42, 29, 'pending', '2024-05-17 07:30:18'),
(397, 41, 29, 'pending', '2024-05-17 07:30:18'),
(398, 40, 29, 'pending', '2024-05-17 07:30:18'),
(399, 39, 29, 'pending', '2024-05-17 07:30:18'),
(400, 38, 29, 'pending', '2024-05-17 07:30:18'),
(401, 37, 29, 'pending', '2024-05-17 07:30:18'),
(402, 36, 29, 'pending', '2024-05-17 07:30:18'),
(403, 35, 29, 'pending', '2024-05-17 07:30:18'),
(404, 34, 29, 'pending', '2024-05-17 07:30:18'),
(405, 33, 29, 'pending', '2024-05-17 07:30:18'),
(406, 32, 29, 'pending', '2024-05-17 07:30:18'),
(407, 31, 29, 'pending', '2024-05-17 07:30:18'),
(408, 30, 29, 'pending', '2024-05-17 07:30:18'),
(409, 28, 29, 'pending', '2024-05-17 07:30:18'),
(410, 27, 29, 'pending', '2024-05-17 07:30:18'),
(411, 26, 29, 'pending', '2024-05-17 07:30:18'),
(412, 25, 29, 'pending', '2024-05-17 07:30:18'),
(413, 24, 29, 'pending', '2024-05-17 07:30:18'),
(414, 23, 29, 'pending', '2024-05-17 07:30:18'),
(415, 22, 29, 'pending', '2024-05-17 07:30:18'),
(416, 21, 29, 'pending', '2024-05-17 07:30:18'),
(417, 20, 29, 'pending', '2024-05-17 07:30:18'),
(418, 19, 29, 'pending', '2024-05-17 07:30:18'),
(419, 18, 29, 'pending', '2024-05-17 07:30:18'),
(420, 17, 29, 'pending', '2024-05-17 07:30:18'),
(421, 16, 29, 'pending', '2024-05-17 07:30:18'),
(422, 15, 29, 'pending', '2024-05-17 07:30:18'),
(423, 14, 29, 'pending', '2024-05-17 07:30:18'),
(424, 13, 29, 'pending', '2024-05-17 07:30:18'),
(425, 42, 28, 'pending', '2024-05-17 07:30:18'),
(426, 41, 28, 'pending', '2024-05-17 07:30:18'),
(427, 40, 28, 'pending', '2024-05-17 07:30:18'),
(428, 39, 28, 'pending', '2024-05-17 07:30:18'),
(429, 38, 28, 'pending', '2024-05-17 07:30:18'),
(430, 37, 28, 'pending', '2024-05-17 07:30:18'),
(431, 36, 28, 'pending', '2024-05-17 07:30:18'),
(432, 35, 28, 'pending', '2024-05-17 07:30:18'),
(433, 34, 28, 'pending', '2024-05-17 07:30:18'),
(434, 33, 28, 'pending', '2024-05-17 07:30:18'),
(435, 32, 28, 'pending', '2024-05-17 07:30:18'),
(436, 31, 28, 'pending', '2024-05-17 07:30:18'),
(437, 30, 28, 'pending', '2024-05-17 07:30:18'),
(438, 29, 28, 'pending', '2024-05-17 07:30:18'),
(439, 27, 28, 'pending', '2024-05-17 07:30:18'),
(440, 26, 28, 'pending', '2024-05-17 07:30:18'),
(441, 25, 28, 'pending', '2024-05-17 07:30:18'),
(442, 24, 28, 'pending', '2024-05-17 07:30:18'),
(443, 23, 28, 'pending', '2024-05-17 07:30:18'),
(444, 22, 28, 'pending', '2024-05-17 07:30:18'),
(445, 21, 28, 'pending', '2024-05-17 07:30:18'),
(446, 20, 28, 'pending', '2024-05-17 07:30:18'),
(447, 19, 28, 'pending', '2024-05-17 07:30:18'),
(448, 18, 28, 'pending', '2024-05-17 07:30:18'),
(449, 17, 28, 'pending', '2024-05-17 07:30:18'),
(450, 16, 28, 'pending', '2024-05-17 07:30:18'),
(451, 15, 28, 'pending', '2024-05-17 07:30:18'),
(452, 14, 28, 'pending', '2024-05-17 07:30:18'),
(453, 13, 28, 'pending', '2024-05-17 07:30:18'),
(454, 42, 27, 'pending', '2024-05-17 07:30:18'),
(455, 41, 27, 'pending', '2024-05-17 07:30:18'),
(456, 40, 27, 'pending', '2024-05-17 07:30:18'),
(457, 39, 27, 'pending', '2024-05-17 07:30:18'),
(458, 38, 27, 'pending', '2024-05-17 07:30:18'),
(459, 37, 27, 'pending', '2024-05-17 07:30:18'),
(460, 36, 27, 'pending', '2024-05-17 07:30:18'),
(461, 35, 27, 'pending', '2024-05-17 07:30:18'),
(462, 34, 27, 'pending', '2024-05-17 07:30:18'),
(463, 33, 27, 'pending', '2024-05-17 07:30:18'),
(464, 32, 27, 'pending', '2024-05-17 07:30:18'),
(465, 31, 27, 'pending', '2024-05-17 07:30:18'),
(466, 30, 27, 'pending', '2024-05-17 07:30:18'),
(467, 29, 27, 'pending', '2024-05-17 07:30:18'),
(468, 28, 27, 'pending', '2024-05-17 07:30:18'),
(469, 26, 27, 'pending', '2024-05-17 07:30:18'),
(470, 25, 27, 'pending', '2024-05-17 07:30:18'),
(471, 24, 27, 'pending', '2024-05-17 07:30:18'),
(472, 23, 27, 'pending', '2024-05-17 07:30:18'),
(473, 22, 27, 'pending', '2024-05-17 07:30:18'),
(474, 21, 27, 'pending', '2024-05-17 07:30:18'),
(475, 20, 27, 'pending', '2024-05-17 07:30:18'),
(476, 19, 27, 'pending', '2024-05-17 07:30:18'),
(477, 18, 27, 'pending', '2024-05-17 07:30:18'),
(478, 17, 27, 'pending', '2024-05-17 07:30:18'),
(479, 16, 27, 'pending', '2024-05-17 07:30:18'),
(480, 15, 27, 'pending', '2024-05-17 07:30:18'),
(481, 14, 27, 'pending', '2024-05-17 07:30:18'),
(482, 13, 27, 'pending', '2024-05-17 07:30:18'),
(483, 42, 26, 'pending', '2024-05-17 07:30:18'),
(484, 41, 26, 'pending', '2024-05-17 07:30:18'),
(485, 40, 26, 'pending', '2024-05-17 07:30:18'),
(486, 39, 26, 'pending', '2024-05-17 07:30:18'),
(487, 38, 26, 'pending', '2024-05-17 07:30:18'),
(488, 37, 26, 'pending', '2024-05-17 07:30:18'),
(489, 36, 26, 'pending', '2024-05-17 07:30:18'),
(490, 35, 26, 'pending', '2024-05-17 07:30:18'),
(491, 34, 26, 'pending', '2024-05-17 07:30:18'),
(492, 33, 26, 'pending', '2024-05-17 07:30:18'),
(493, 32, 26, 'pending', '2024-05-17 07:30:18'),
(494, 31, 26, 'pending', '2024-05-17 07:30:18'),
(495, 30, 26, 'pending', '2024-05-17 07:30:18'),
(496, 29, 26, 'pending', '2024-05-17 07:30:18'),
(497, 28, 26, 'pending', '2024-05-17 07:30:18'),
(498, 27, 26, 'pending', '2024-05-17 07:30:18'),
(499, 25, 26, 'pending', '2024-05-17 07:30:18'),
(500, 24, 26, 'pending', '2024-05-17 07:30:18'),
(501, 23, 26, 'pending', '2024-05-17 07:30:18'),
(502, 22, 26, 'pending', '2024-05-17 07:30:18'),
(503, 21, 26, 'pending', '2024-05-17 07:30:18'),
(504, 20, 26, 'pending', '2024-05-17 07:30:18'),
(505, 19, 26, 'pending', '2024-05-17 07:30:18'),
(506, 18, 26, 'pending', '2024-05-17 07:30:18'),
(507, 17, 26, 'pending', '2024-05-17 07:30:18'),
(508, 16, 26, 'pending', '2024-05-17 07:30:18'),
(509, 15, 26, 'pending', '2024-05-17 07:30:18'),
(510, 14, 26, 'pending', '2024-05-17 07:30:18'),
(511, 13, 26, 'pending', '2024-05-17 07:30:18'),
(512, 42, 25, 'pending', '2024-05-17 07:30:18'),
(513, 41, 25, 'pending', '2024-05-17 07:30:18'),
(514, 40, 25, 'pending', '2024-05-17 07:30:18'),
(515, 39, 25, 'pending', '2024-05-17 07:30:18'),
(516, 38, 25, 'pending', '2024-05-17 07:30:18'),
(517, 37, 25, 'pending', '2024-05-17 07:30:18'),
(518, 36, 25, 'pending', '2024-05-17 07:30:18'),
(519, 35, 25, 'pending', '2024-05-17 07:30:18'),
(520, 34, 25, 'pending', '2024-05-17 07:30:18'),
(521, 33, 25, 'pending', '2024-05-17 07:30:18'),
(522, 32, 25, 'pending', '2024-05-17 07:30:18'),
(523, 31, 25, 'pending', '2024-05-17 07:30:18'),
(524, 30, 25, 'pending', '2024-05-17 07:30:18'),
(525, 29, 25, 'pending', '2024-05-17 07:30:18'),
(526, 28, 25, 'pending', '2024-05-17 07:30:18'),
(527, 27, 25, 'pending', '2024-05-17 07:30:18'),
(528, 26, 25, 'pending', '2024-05-17 07:30:18'),
(529, 24, 25, 'pending', '2024-05-17 07:30:18'),
(530, 23, 25, 'pending', '2024-05-17 07:30:18'),
(531, 22, 25, 'pending', '2024-05-17 07:30:18'),
(532, 21, 25, 'pending', '2024-05-17 07:30:18'),
(533, 20, 25, 'pending', '2024-05-17 07:30:18'),
(534, 19, 25, 'pending', '2024-05-17 07:30:18'),
(535, 18, 25, 'pending', '2024-05-17 07:30:18'),
(536, 17, 25, 'pending', '2024-05-17 07:30:18'),
(537, 16, 25, 'pending', '2024-05-17 07:30:18'),
(538, 15, 25, 'pending', '2024-05-17 07:30:18'),
(539, 14, 25, 'pending', '2024-05-17 07:30:18'),
(540, 13, 25, 'pending', '2024-05-17 07:30:18'),
(541, 42, 24, 'pending', '2024-05-17 07:30:18'),
(542, 41, 24, 'pending', '2024-05-17 07:30:18'),
(543, 40, 24, 'pending', '2024-05-17 07:30:18'),
(544, 39, 24, 'pending', '2024-05-17 07:30:18'),
(545, 38, 24, 'pending', '2024-05-17 07:30:18'),
(546, 37, 24, 'pending', '2024-05-17 07:30:18'),
(547, 36, 24, 'pending', '2024-05-17 07:30:18'),
(548, 35, 24, 'pending', '2024-05-17 07:30:18'),
(549, 34, 24, 'pending', '2024-05-17 07:30:18'),
(550, 33, 24, 'pending', '2024-05-17 07:30:18'),
(551, 32, 24, 'pending', '2024-05-17 07:30:18'),
(552, 31, 24, 'pending', '2024-05-17 07:30:18'),
(553, 30, 24, 'pending', '2024-05-17 07:30:18'),
(554, 29, 24, 'pending', '2024-05-17 07:30:18'),
(555, 28, 24, 'pending', '2024-05-17 07:30:18'),
(556, 27, 24, 'pending', '2024-05-17 07:30:18'),
(557, 26, 24, 'pending', '2024-05-17 07:30:18'),
(558, 25, 24, 'pending', '2024-05-17 07:30:18'),
(559, 23, 24, 'pending', '2024-05-17 07:30:18'),
(560, 22, 24, 'pending', '2024-05-17 07:30:18'),
(561, 21, 24, 'pending', '2024-05-17 07:30:18'),
(562, 20, 24, 'pending', '2024-05-17 07:30:18'),
(563, 19, 24, 'pending', '2024-05-17 07:30:18'),
(564, 18, 24, 'pending', '2024-05-17 07:30:18'),
(565, 17, 24, 'pending', '2024-05-17 07:30:18'),
(566, 16, 24, 'pending', '2024-05-17 07:30:18'),
(567, 15, 24, 'pending', '2024-05-17 07:30:18'),
(568, 14, 24, 'pending', '2024-05-17 07:30:18'),
(569, 13, 24, 'pending', '2024-05-17 07:30:18'),
(570, 42, 23, 'pending', '2024-05-17 07:30:18'),
(571, 41, 23, 'pending', '2024-05-17 07:30:18'),
(572, 40, 23, 'pending', '2024-05-17 07:30:18'),
(573, 39, 23, 'pending', '2024-05-17 07:30:18'),
(574, 38, 23, 'pending', '2024-05-17 07:30:18'),
(575, 37, 23, 'pending', '2024-05-17 07:30:18'),
(576, 36, 23, 'pending', '2024-05-17 07:30:18'),
(577, 35, 23, 'pending', '2024-05-17 07:30:18'),
(578, 34, 23, 'pending', '2024-05-17 07:30:18'),
(579, 33, 23, 'pending', '2024-05-17 07:30:18'),
(580, 32, 23, 'pending', '2024-05-17 07:30:18'),
(581, 31, 23, 'pending', '2024-05-17 07:30:18'),
(582, 30, 23, 'pending', '2024-05-17 07:30:18'),
(583, 29, 23, 'pending', '2024-05-17 07:30:18'),
(584, 28, 23, 'pending', '2024-05-17 07:30:18'),
(585, 27, 23, 'pending', '2024-05-17 07:30:18'),
(586, 26, 23, 'pending', '2024-05-17 07:30:18'),
(587, 25, 23, 'pending', '2024-05-17 07:30:18'),
(588, 24, 23, 'pending', '2024-05-17 07:30:18'),
(589, 22, 23, 'pending', '2024-05-17 07:30:18'),
(590, 21, 23, 'pending', '2024-05-17 07:30:18'),
(591, 20, 23, 'pending', '2024-05-17 07:30:18'),
(592, 19, 23, 'pending', '2024-05-17 07:30:18'),
(593, 18, 23, 'pending', '2024-05-17 07:30:18'),
(594, 17, 23, 'pending', '2024-05-17 07:30:18'),
(595, 16, 23, 'pending', '2024-05-17 07:30:18'),
(596, 15, 23, 'pending', '2024-05-17 07:30:18'),
(597, 14, 23, 'pending', '2024-05-17 07:30:18'),
(598, 13, 23, 'pending', '2024-05-17 07:30:18'),
(599, 42, 22, 'pending', '2024-05-17 07:30:18'),
(600, 41, 22, 'pending', '2024-05-17 07:30:18'),
(601, 40, 22, 'pending', '2024-05-17 07:30:18'),
(602, 39, 22, 'pending', '2024-05-17 07:30:18'),
(603, 38, 22, 'pending', '2024-05-17 07:30:18'),
(604, 37, 22, 'pending', '2024-05-17 07:30:18'),
(605, 36, 22, 'pending', '2024-05-17 07:30:18'),
(606, 35, 22, 'pending', '2024-05-17 07:30:18'),
(607, 34, 22, 'pending', '2024-05-17 07:30:18'),
(608, 33, 22, 'pending', '2024-05-17 07:30:18'),
(609, 32, 22, 'pending', '2024-05-17 07:30:18'),
(610, 31, 22, 'pending', '2024-05-17 07:30:18'),
(611, 30, 22, 'pending', '2024-05-17 07:30:18'),
(612, 29, 22, 'pending', '2024-05-17 07:30:18'),
(613, 28, 22, 'pending', '2024-05-17 07:30:18'),
(614, 27, 22, 'pending', '2024-05-17 07:30:18'),
(615, 26, 22, 'pending', '2024-05-17 07:30:18'),
(616, 25, 22, 'pending', '2024-05-17 07:30:18'),
(617, 24, 22, 'pending', '2024-05-17 07:30:18'),
(618, 23, 22, 'pending', '2024-05-17 07:30:18'),
(619, 21, 22, 'pending', '2024-05-17 07:30:18'),
(620, 20, 22, 'pending', '2024-05-17 07:30:18'),
(621, 19, 22, 'pending', '2024-05-17 07:30:18'),
(622, 18, 22, 'pending', '2024-05-17 07:30:18'),
(623, 17, 22, 'pending', '2024-05-17 07:30:18'),
(624, 16, 22, 'pending', '2024-05-17 07:30:18'),
(625, 15, 22, 'pending', '2024-05-17 07:30:18'),
(626, 14, 22, 'pending', '2024-05-17 07:30:18'),
(627, 13, 22, 'pending', '2024-05-17 07:30:18'),
(628, 42, 21, 'pending', '2024-05-17 07:30:18'),
(629, 41, 21, 'pending', '2024-05-17 07:30:18'),
(630, 40, 21, 'pending', '2024-05-17 07:30:18'),
(631, 39, 21, 'pending', '2024-05-17 07:30:18'),
(632, 38, 21, 'pending', '2024-05-17 07:30:18'),
(633, 37, 21, 'pending', '2024-05-17 07:30:18'),
(634, 36, 21, 'pending', '2024-05-17 07:30:18'),
(635, 35, 21, 'pending', '2024-05-17 07:30:18'),
(636, 34, 21, 'pending', '2024-05-17 07:30:18'),
(637, 33, 21, 'pending', '2024-05-17 07:30:18'),
(638, 32, 21, 'pending', '2024-05-17 07:30:18'),
(639, 31, 21, 'pending', '2024-05-17 07:30:18'),
(640, 30, 21, 'pending', '2024-05-17 07:30:18'),
(641, 29, 21, 'pending', '2024-05-17 07:30:18'),
(642, 28, 21, 'pending', '2024-05-17 07:30:18'),
(643, 27, 21, 'pending', '2024-05-17 07:30:18'),
(644, 26, 21, 'pending', '2024-05-17 07:30:18'),
(645, 25, 21, 'pending', '2024-05-17 07:30:18'),
(646, 24, 21, 'pending', '2024-05-17 07:30:18'),
(647, 23, 21, 'pending', '2024-05-17 07:30:18'),
(648, 22, 21, 'pending', '2024-05-17 07:30:18'),
(649, 20, 21, 'pending', '2024-05-17 07:30:18'),
(650, 19, 21, 'pending', '2024-05-17 07:30:18'),
(651, 18, 21, 'pending', '2024-05-17 07:30:18'),
(652, 17, 21, 'pending', '2024-05-17 07:30:18'),
(653, 16, 21, 'pending', '2024-05-17 07:30:18'),
(654, 15, 21, 'pending', '2024-05-17 07:30:18'),
(655, 14, 21, 'pending', '2024-05-17 07:30:18'),
(656, 13, 21, 'pending', '2024-05-17 07:30:18'),
(657, 42, 20, 'pending', '2024-05-17 07:30:18'),
(658, 41, 20, 'pending', '2024-05-17 07:30:18'),
(659, 40, 20, 'pending', '2024-05-17 07:30:18'),
(660, 39, 20, 'pending', '2024-05-17 07:30:18'),
(661, 38, 20, 'pending', '2024-05-17 07:30:18'),
(662, 37, 20, 'pending', '2024-05-17 07:30:18'),
(663, 36, 20, 'pending', '2024-05-17 07:30:18'),
(664, 35, 20, 'pending', '2024-05-17 07:30:18'),
(665, 34, 20, 'pending', '2024-05-17 07:30:18'),
(666, 33, 20, 'pending', '2024-05-17 07:30:18'),
(667, 32, 20, 'pending', '2024-05-17 07:30:18'),
(668, 31, 20, 'pending', '2024-05-17 07:30:18'),
(669, 30, 20, 'pending', '2024-05-17 07:30:18'),
(670, 29, 20, 'pending', '2024-05-17 07:30:18'),
(671, 28, 20, 'pending', '2024-05-17 07:30:18'),
(672, 27, 20, 'pending', '2024-05-17 07:30:18'),
(673, 26, 20, 'pending', '2024-05-17 07:30:18'),
(674, 25, 20, 'pending', '2024-05-17 07:30:18'),
(675, 24, 20, 'pending', '2024-05-17 07:30:18'),
(676, 23, 20, 'pending', '2024-05-17 07:30:18'),
(677, 22, 20, 'pending', '2024-05-17 07:30:18'),
(678, 21, 20, 'pending', '2024-05-17 07:30:18'),
(679, 19, 20, 'pending', '2024-05-17 07:30:18'),
(680, 18, 20, 'pending', '2024-05-17 07:30:18'),
(681, 17, 20, 'pending', '2024-05-17 07:30:18'),
(682, 16, 20, 'pending', '2024-05-17 07:30:18'),
(683, 15, 20, 'pending', '2024-05-17 07:30:18'),
(684, 14, 20, 'pending', '2024-05-17 07:30:18'),
(685, 13, 20, 'pending', '2024-05-17 07:30:18'),
(686, 42, 19, 'pending', '2024-05-17 07:30:18'),
(687, 41, 19, 'pending', '2024-05-17 07:30:18'),
(688, 40, 19, 'pending', '2024-05-17 07:30:18'),
(689, 39, 19, 'pending', '2024-05-17 07:30:18'),
(690, 38, 19, 'pending', '2024-05-17 07:30:18'),
(691, 37, 19, 'pending', '2024-05-17 07:30:18'),
(692, 36, 19, 'pending', '2024-05-17 07:30:18'),
(693, 35, 19, 'pending', '2024-05-17 07:30:18'),
(694, 34, 19, 'pending', '2024-05-17 07:30:18'),
(695, 33, 19, 'pending', '2024-05-17 07:30:18'),
(696, 32, 19, 'pending', '2024-05-17 07:30:18'),
(697, 31, 19, 'pending', '2024-05-17 07:30:18'),
(698, 30, 19, 'pending', '2024-05-17 07:30:18'),
(699, 29, 19, 'pending', '2024-05-17 07:30:18'),
(700, 28, 19, 'pending', '2024-05-17 07:30:18'),
(701, 27, 19, 'pending', '2024-05-17 07:30:18'),
(702, 26, 19, 'pending', '2024-05-17 07:30:18'),
(703, 25, 19, 'pending', '2024-05-17 07:30:18'),
(704, 24, 19, 'pending', '2024-05-17 07:30:18'),
(705, 23, 19, 'pending', '2024-05-17 07:30:18'),
(706, 22, 19, 'pending', '2024-05-17 07:30:18'),
(707, 21, 19, 'pending', '2024-05-17 07:30:18'),
(708, 20, 19, 'pending', '2024-05-17 07:30:18'),
(709, 18, 19, 'pending', '2024-05-17 07:30:18'),
(710, 17, 19, 'pending', '2024-05-17 07:30:18'),
(711, 16, 19, 'pending', '2024-05-17 07:30:18'),
(712, 15, 19, 'pending', '2024-05-17 07:30:18'),
(713, 14, 19, 'pending', '2024-05-17 07:30:18'),
(714, 13, 19, 'pending', '2024-05-17 07:30:18'),
(715, 42, 18, 'pending', '2024-05-17 07:30:18'),
(716, 41, 18, 'pending', '2024-05-17 07:30:18'),
(717, 40, 18, 'pending', '2024-05-17 07:30:18'),
(718, 39, 18, 'pending', '2024-05-17 07:30:18'),
(719, 38, 18, 'pending', '2024-05-17 07:30:18'),
(720, 37, 18, 'pending', '2024-05-17 07:30:18'),
(721, 36, 18, 'pending', '2024-05-17 07:30:18'),
(722, 35, 18, 'pending', '2024-05-17 07:30:18'),
(723, 34, 18, 'pending', '2024-05-17 07:30:18'),
(724, 33, 18, 'pending', '2024-05-17 07:30:18'),
(725, 32, 18, 'pending', '2024-05-17 07:30:18'),
(726, 31, 18, 'pending', '2024-05-17 07:30:18'),
(727, 30, 18, 'pending', '2024-05-17 07:30:18'),
(728, 29, 18, 'pending', '2024-05-17 07:30:18'),
(729, 28, 18, 'pending', '2024-05-17 07:30:18'),
(730, 27, 18, 'pending', '2024-05-17 07:30:18'),
(731, 26, 18, 'pending', '2024-05-17 07:30:18'),
(732, 25, 18, 'pending', '2024-05-17 07:30:18'),
(733, 24, 18, 'pending', '2024-05-17 07:30:18'),
(734, 23, 18, 'pending', '2024-05-17 07:30:18'),
(735, 22, 18, 'pending', '2024-05-17 07:30:18'),
(736, 21, 18, 'pending', '2024-05-17 07:30:18'),
(737, 20, 18, 'pending', '2024-05-17 07:30:18'),
(738, 19, 18, 'pending', '2024-05-17 07:30:18'),
(739, 17, 18, 'pending', '2024-05-17 07:30:18'),
(740, 16, 18, 'pending', '2024-05-17 07:30:18'),
(741, 15, 18, 'pending', '2024-05-17 07:30:18'),
(742, 14, 18, 'pending', '2024-05-17 07:30:18'),
(743, 13, 18, 'pending', '2024-05-17 07:30:18'),
(744, 42, 17, 'pending', '2024-05-17 07:30:18'),
(745, 41, 17, 'pending', '2024-05-17 07:30:18'),
(746, 40, 17, 'pending', '2024-05-17 07:30:18'),
(747, 39, 17, 'pending', '2024-05-17 07:30:18'),
(748, 38, 17, 'pending', '2024-05-17 07:30:18'),
(749, 37, 17, 'pending', '2024-05-17 07:30:18'),
(750, 36, 17, 'pending', '2024-05-17 07:30:18'),
(751, 35, 17, 'pending', '2024-05-17 07:30:18'),
(752, 34, 17, 'pending', '2024-05-17 07:30:18'),
(753, 33, 17, 'pending', '2024-05-17 07:30:18'),
(754, 32, 17, 'pending', '2024-05-17 07:30:18'),
(755, 31, 17, 'pending', '2024-05-17 07:30:18'),
(756, 30, 17, 'pending', '2024-05-17 07:30:18'),
(757, 29, 17, 'pending', '2024-05-17 07:30:18'),
(758, 28, 17, 'pending', '2024-05-17 07:30:18'),
(759, 27, 17, 'pending', '2024-05-17 07:30:18'),
(760, 26, 17, 'pending', '2024-05-17 07:30:18'),
(761, 25, 17, 'pending', '2024-05-17 07:30:18'),
(762, 24, 17, 'pending', '2024-05-17 07:30:18'),
(763, 23, 17, 'pending', '2024-05-17 07:30:18'),
(764, 22, 17, 'pending', '2024-05-17 07:30:18'),
(765, 21, 17, 'pending', '2024-05-17 07:30:18'),
(766, 20, 17, 'pending', '2024-05-17 07:30:18'),
(767, 19, 17, 'pending', '2024-05-17 07:30:18'),
(768, 18, 17, 'pending', '2024-05-17 07:30:18'),
(769, 16, 17, 'pending', '2024-05-17 07:30:18'),
(770, 15, 17, 'pending', '2024-05-17 07:30:18'),
(771, 14, 17, 'pending', '2024-05-17 07:30:18'),
(772, 13, 17, 'pending', '2024-05-17 07:30:18'),
(773, 42, 16, 'pending', '2024-05-17 07:30:18'),
(774, 41, 16, 'pending', '2024-05-17 07:30:18'),
(775, 40, 16, 'pending', '2024-05-17 07:30:18'),
(776, 39, 16, 'pending', '2024-05-17 07:30:18'),
(777, 38, 16, 'pending', '2024-05-17 07:30:18'),
(778, 37, 16, 'pending', '2024-05-17 07:30:18'),
(779, 36, 16, 'pending', '2024-05-17 07:30:18'),
(780, 35, 16, 'pending', '2024-05-17 07:30:18'),
(781, 34, 16, 'pending', '2024-05-17 07:30:18'),
(782, 33, 16, 'pending', '2024-05-17 07:30:18'),
(783, 32, 16, 'pending', '2024-05-17 07:30:18'),
(784, 31, 16, 'pending', '2024-05-17 07:30:18'),
(785, 30, 16, 'pending', '2024-05-17 07:30:18'),
(786, 29, 16, 'pending', '2024-05-17 07:30:18'),
(787, 28, 16, 'pending', '2024-05-17 07:30:18'),
(788, 27, 16, 'pending', '2024-05-17 07:30:18'),
(789, 26, 16, 'pending', '2024-05-17 07:30:18'),
(790, 25, 16, 'pending', '2024-05-17 07:30:18'),
(791, 24, 16, 'pending', '2024-05-17 07:30:18'),
(792, 23, 16, 'pending', '2024-05-17 07:30:18'),
(793, 22, 16, 'pending', '2024-05-17 07:30:18'),
(794, 21, 16, 'pending', '2024-05-17 07:30:18'),
(795, 20, 16, 'pending', '2024-05-17 07:30:18'),
(796, 19, 16, 'pending', '2024-05-17 07:30:18'),
(797, 18, 16, 'pending', '2024-05-17 07:30:18'),
(798, 17, 16, 'pending', '2024-05-17 07:30:18'),
(799, 15, 16, 'pending', '2024-05-17 07:30:18'),
(800, 14, 16, 'pending', '2024-05-17 07:30:18'),
(801, 13, 16, 'pending', '2024-05-17 07:30:18'),
(802, 42, 15, 'pending', '2024-05-17 07:30:18'),
(803, 41, 15, 'pending', '2024-05-17 07:30:18'),
(804, 40, 15, 'pending', '2024-05-17 07:30:18'),
(805, 39, 15, 'pending', '2024-05-17 07:30:18'),
(806, 38, 15, 'pending', '2024-05-17 07:30:18'),
(807, 37, 15, 'pending', '2024-05-17 07:30:18'),
(808, 36, 15, 'pending', '2024-05-17 07:30:18'),
(809, 35, 15, 'pending', '2024-05-17 07:30:18'),
(810, 34, 15, 'pending', '2024-05-17 07:30:18'),
(811, 33, 15, 'pending', '2024-05-17 07:30:18'),
(812, 32, 15, 'pending', '2024-05-17 07:30:18'),
(813, 31, 15, 'pending', '2024-05-17 07:30:18'),
(814, 30, 15, 'pending', '2024-05-17 07:30:18'),
(815, 29, 15, 'pending', '2024-05-17 07:30:18'),
(816, 28, 15, 'pending', '2024-05-17 07:30:18'),
(817, 27, 15, 'pending', '2024-05-17 07:30:18'),
(818, 26, 15, 'pending', '2024-05-17 07:30:18'),
(819, 25, 15, 'pending', '2024-05-17 07:30:18'),
(820, 24, 15, 'pending', '2024-05-17 07:30:18'),
(821, 23, 15, 'pending', '2024-05-17 07:30:18'),
(822, 22, 15, 'pending', '2024-05-17 07:30:18'),
(823, 21, 15, 'pending', '2024-05-17 07:30:18'),
(824, 20, 15, 'pending', '2024-05-17 07:30:18'),
(825, 19, 15, 'pending', '2024-05-17 07:30:18'),
(826, 18, 15, 'pending', '2024-05-17 07:30:18'),
(827, 17, 15, 'pending', '2024-05-17 07:30:18'),
(828, 16, 15, 'pending', '2024-05-17 07:30:18'),
(829, 14, 15, 'pending', '2024-05-17 07:30:18'),
(830, 13, 15, 'pending', '2024-05-17 07:30:18'),
(831, 42, 14, 'pending', '2024-05-17 07:30:18'),
(832, 41, 14, 'pending', '2024-05-17 07:30:18'),
(833, 40, 14, 'pending', '2024-05-17 07:30:18'),
(834, 39, 14, 'pending', '2024-05-17 07:30:18'),
(835, 38, 14, 'pending', '2024-05-17 07:30:18'),
(836, 37, 14, 'pending', '2024-05-17 07:30:18'),
(837, 36, 14, 'pending', '2024-05-17 07:30:18'),
(838, 35, 14, 'pending', '2024-05-17 07:30:18'),
(839, 34, 14, 'pending', '2024-05-17 07:30:18'),
(840, 33, 14, 'pending', '2024-05-17 07:30:18'),
(841, 32, 14, 'pending', '2024-05-17 07:30:18'),
(842, 31, 14, 'pending', '2024-05-17 07:30:18'),
(843, 30, 14, 'pending', '2024-05-17 07:30:18'),
(844, 29, 14, 'pending', '2024-05-17 07:30:18'),
(845, 28, 14, 'pending', '2024-05-17 07:30:18'),
(846, 27, 14, 'pending', '2024-05-17 07:30:18'),
(847, 26, 14, 'pending', '2024-05-17 07:30:18'),
(848, 25, 14, 'pending', '2024-05-17 07:30:18'),
(849, 24, 14, 'pending', '2024-05-17 07:30:18'),
(850, 23, 14, 'pending', '2024-05-17 07:30:18'),
(851, 22, 14, 'pending', '2024-05-17 07:30:18'),
(852, 21, 14, 'pending', '2024-05-17 07:30:18'),
(853, 20, 14, 'pending', '2024-05-17 07:30:18'),
(854, 19, 14, 'pending', '2024-05-17 07:30:18'),
(855, 18, 14, 'pending', '2024-05-17 07:30:18'),
(856, 17, 14, 'pending', '2024-05-17 07:30:18'),
(857, 16, 14, 'pending', '2024-05-17 07:30:18'),
(858, 15, 14, 'pending', '2024-05-17 07:30:18'),
(859, 13, 14, 'pending', '2024-05-17 07:30:18'),
(860, 42, 13, 'pending', '2024-05-17 07:30:18'),
(861, 41, 13, 'pending', '2024-05-17 07:30:18'),
(862, 40, 13, 'pending', '2024-05-17 07:30:18'),
(863, 39, 13, 'pending', '2024-05-17 07:30:18'),
(864, 38, 13, 'pending', '2024-05-17 07:30:18'),
(865, 37, 13, 'pending', '2024-05-17 07:30:18'),
(866, 36, 13, 'pending', '2024-05-17 07:30:18'),
(867, 35, 13, 'pending', '2024-05-17 07:30:18'),
(868, 34, 13, 'pending', '2024-05-17 07:30:18'),
(869, 33, 13, 'pending', '2024-05-17 07:30:18'),
(870, 32, 13, 'pending', '2024-05-17 07:30:18'),
(871, 31, 13, 'pending', '2024-05-17 07:30:18'),
(872, 30, 13, 'pending', '2024-05-17 07:30:18'),
(873, 29, 13, 'pending', '2024-05-17 07:30:18'),
(874, 28, 13, 'pending', '2024-05-17 07:30:18'),
(875, 27, 13, 'pending', '2024-05-17 07:30:18'),
(876, 26, 13, 'pending', '2024-05-17 07:30:18'),
(877, 25, 13, 'pending', '2024-05-17 07:30:18'),
(878, 24, 13, 'pending', '2024-05-17 07:30:18'),
(879, 23, 13, 'pending', '2024-05-17 07:30:18'),
(880, 22, 13, 'pending', '2024-05-17 07:30:18'),
(881, 21, 13, 'pending', '2024-05-17 07:30:18'),
(882, 20, 13, 'pending', '2024-05-17 07:30:18'),
(883, 19, 13, 'pending', '2024-05-17 07:30:18'),
(884, 18, 13, 'pending', '2024-05-17 07:30:18'),
(885, 17, 13, 'pending', '2024-05-17 07:30:18'),
(886, 16, 13, 'pending', '2024-05-17 07:30:18'),
(887, 15, 13, 'pending', '2024-05-17 07:30:18'),
(888, 14, 13, 'pending', '2024-05-17 07:30:18'),
(1042, 41, 42, 'pending', '2024-05-17 07:31:14'),
(1043, 40, 42, 'pending', '2024-05-17 07:31:14'),
(1044, 39, 42, 'pending', '2024-05-17 07:31:14'),
(1045, 38, 42, 'pending', '2024-05-17 07:31:14'),
(1046, 37, 42, 'pending', '2024-05-17 07:31:14'),
(1047, 36, 42, 'pending', '2024-05-17 07:31:14'),
(1048, 35, 42, 'pending', '2024-05-17 07:31:14'),
(1049, 34, 42, 'pending', '2024-05-17 07:31:14'),
(1050, 33, 42, 'pending', '2024-05-17 07:31:14'),
(1051, 32, 42, 'pending', '2024-05-17 07:31:14'),
(1052, 31, 42, 'pending', '2024-05-17 07:31:14'),
(1053, 30, 42, 'pending', '2024-05-17 07:31:14'),
(1054, 29, 42, 'pending', '2024-05-17 07:31:14'),
(1055, 28, 42, 'pending', '2024-05-17 07:31:14'),
(1056, 27, 42, 'pending', '2024-05-17 07:31:14'),
(1057, 26, 42, 'pending', '2024-05-17 07:31:14'),
(1058, 25, 42, 'pending', '2024-05-17 07:31:14'),
(1059, 24, 42, 'pending', '2024-05-17 07:31:14'),
(1060, 23, 42, 'pending', '2024-05-17 07:31:14'),
(1061, 22, 42, 'pending', '2024-05-17 07:31:14'),
(1062, 21, 42, 'pending', '2024-05-17 07:31:14'),
(1063, 20, 42, 'pending', '2024-05-17 07:31:14'),
(1064, 19, 42, 'pending', '2024-05-17 07:31:14'),
(1065, 18, 42, 'pending', '2024-05-17 07:31:14'),
(1066, 17, 42, 'pending', '2024-05-17 07:31:14'),
(1067, 16, 42, 'pending', '2024-05-17 07:31:14'),
(1068, 15, 42, 'pending', '2024-05-17 07:31:14'),
(1069, 14, 42, 'pending', '2024-05-17 07:31:14'),
(1070, 13, 42, 'pending', '2024-05-17 07:31:14'),
(1071, 42, 41, 'pending', '2024-05-17 07:31:14'),
(1072, 40, 41, 'pending', '2024-05-17 07:31:14'),
(1073, 39, 41, 'pending', '2024-05-17 07:31:14'),
(1074, 38, 41, 'pending', '2024-05-17 07:31:14'),
(1075, 37, 41, 'pending', '2024-05-17 07:31:14'),
(1076, 36, 41, 'pending', '2024-05-17 07:31:14'),
(1077, 35, 41, 'pending', '2024-05-17 07:31:14'),
(1078, 34, 41, 'pending', '2024-05-17 07:31:14'),
(1079, 33, 41, 'pending', '2024-05-17 07:31:14'),
(1080, 32, 41, 'pending', '2024-05-17 07:31:14'),
(1081, 31, 41, 'pending', '2024-05-17 07:31:14'),
(1082, 30, 41, 'pending', '2024-05-17 07:31:14'),
(1083, 29, 41, 'pending', '2024-05-17 07:31:14'),
(1084, 28, 41, 'pending', '2024-05-17 07:31:14'),
(1085, 27, 41, 'pending', '2024-05-17 07:31:14'),
(1086, 26, 41, 'pending', '2024-05-17 07:31:14'),
(1087, 25, 41, 'pending', '2024-05-17 07:31:14'),
(1088, 24, 41, 'pending', '2024-05-17 07:31:14'),
(1089, 23, 41, 'pending', '2024-05-17 07:31:14'),
(1090, 22, 41, 'pending', '2024-05-17 07:31:14'),
(1091, 21, 41, 'pending', '2024-05-17 07:31:14'),
(1092, 20, 41, 'pending', '2024-05-17 07:31:14'),
(1093, 19, 41, 'pending', '2024-05-17 07:31:14'),
(1094, 18, 41, 'pending', '2024-05-17 07:31:14'),
(1095, 17, 41, 'pending', '2024-05-17 07:31:14'),
(1096, 16, 41, 'pending', '2024-05-17 07:31:14'),
(1097, 15, 41, 'pending', '2024-05-17 07:31:14'),
(1098, 14, 41, 'pending', '2024-05-17 07:31:14'),
(1099, 13, 41, 'pending', '2024-05-17 07:31:14'),
(1100, 42, 40, 'pending', '2024-05-17 07:31:14'),
(1101, 41, 40, 'pending', '2024-05-17 07:31:14'),
(1102, 39, 40, 'pending', '2024-05-17 07:31:14'),
(1103, 38, 40, 'pending', '2024-05-17 07:31:14'),
(1104, 37, 40, 'pending', '2024-05-17 07:31:14'),
(1105, 36, 40, 'pending', '2024-05-17 07:31:14'),
(1106, 35, 40, 'pending', '2024-05-17 07:31:14'),
(1107, 34, 40, 'pending', '2024-05-17 07:31:14'),
(1108, 33, 40, 'pending', '2024-05-17 07:31:14'),
(1109, 32, 40, 'pending', '2024-05-17 07:31:14'),
(1110, 31, 40, 'pending', '2024-05-17 07:31:14'),
(1111, 30, 40, 'pending', '2024-05-17 07:31:14'),
(1112, 29, 40, 'pending', '2024-05-17 07:31:14'),
(1113, 28, 40, 'pending', '2024-05-17 07:31:14'),
(1114, 27, 40, 'pending', '2024-05-17 07:31:14'),
(1115, 26, 40, 'pending', '2024-05-17 07:31:14'),
(1116, 25, 40, 'pending', '2024-05-17 07:31:14'),
(1117, 24, 40, 'pending', '2024-05-17 07:31:14'),
(1118, 23, 40, 'pending', '2024-05-17 07:31:14'),
(1119, 22, 40, 'pending', '2024-05-17 07:31:14'),
(1120, 21, 40, 'pending', '2024-05-17 07:31:14'),
(1121, 20, 40, 'pending', '2024-05-17 07:31:14'),
(1122, 19, 40, 'pending', '2024-05-17 07:31:14'),
(1123, 18, 40, 'pending', '2024-05-17 07:31:14'),
(1124, 17, 40, 'pending', '2024-05-17 07:31:14'),
(1125, 16, 40, 'pending', '2024-05-17 07:31:14'),
(1126, 15, 40, 'pending', '2024-05-17 07:31:14'),
(1127, 14, 40, 'pending', '2024-05-17 07:31:14'),
(1128, 13, 40, 'pending', '2024-05-17 07:31:14'),
(1129, 42, 39, 'pending', '2024-05-17 07:31:14'),
(1130, 41, 39, 'pending', '2024-05-17 07:31:14'),
(1131, 40, 39, 'pending', '2024-05-17 07:31:14'),
(1132, 38, 39, 'pending', '2024-05-17 07:31:14'),
(1133, 37, 39, 'pending', '2024-05-17 07:31:14'),
(1134, 36, 39, 'pending', '2024-05-17 07:31:14'),
(1135, 35, 39, 'pending', '2024-05-17 07:31:14'),
(1136, 34, 39, 'pending', '2024-05-17 07:31:14'),
(1137, 33, 39, 'pending', '2024-05-17 07:31:14'),
(1138, 32, 39, 'pending', '2024-05-17 07:31:14'),
(1139, 31, 39, 'pending', '2024-05-17 07:31:14'),
(1140, 30, 39, 'pending', '2024-05-17 07:31:14'),
(1141, 29, 39, 'pending', '2024-05-17 07:31:14'),
(1142, 28, 39, 'pending', '2024-05-17 07:31:14'),
(1143, 27, 39, 'pending', '2024-05-17 07:31:14'),
(1144, 26, 39, 'pending', '2024-05-17 07:31:14'),
(1145, 25, 39, 'pending', '2024-05-17 07:31:14'),
(1146, 24, 39, 'pending', '2024-05-17 07:31:14'),
(1147, 23, 39, 'pending', '2024-05-17 07:31:14'),
(1148, 22, 39, 'pending', '2024-05-17 07:31:14'),
(1149, 21, 39, 'pending', '2024-05-17 07:31:14'),
(1150, 20, 39, 'pending', '2024-05-17 07:31:14'),
(1151, 19, 39, 'pending', '2024-05-17 07:31:14'),
(1152, 18, 39, 'pending', '2024-05-17 07:31:14'),
(1153, 17, 39, 'pending', '2024-05-17 07:31:14'),
(1154, 16, 39, 'pending', '2024-05-17 07:31:14'),
(1155, 15, 39, 'pending', '2024-05-17 07:31:14'),
(1156, 14, 39, 'pending', '2024-05-17 07:31:14'),
(1157, 13, 39, 'pending', '2024-05-17 07:31:14'),
(1158, 42, 38, 'pending', '2024-05-17 07:31:14'),
(1159, 41, 38, 'pending', '2024-05-17 07:31:14'),
(1160, 40, 38, 'pending', '2024-05-17 07:31:14'),
(1161, 39, 38, 'pending', '2024-05-17 07:31:14'),
(1162, 37, 38, 'pending', '2024-05-17 07:31:14'),
(1163, 36, 38, 'pending', '2024-05-17 07:31:14'),
(1164, 35, 38, 'pending', '2024-05-17 07:31:14'),
(1165, 34, 38, 'pending', '2024-05-17 07:31:14'),
(1166, 33, 38, 'pending', '2024-05-17 07:31:14'),
(1167, 32, 38, 'pending', '2024-05-17 07:31:14'),
(1168, 31, 38, 'pending', '2024-05-17 07:31:14'),
(1169, 30, 38, 'pending', '2024-05-17 07:31:14'),
(1170, 29, 38, 'pending', '2024-05-17 07:31:14'),
(1171, 28, 38, 'pending', '2024-05-17 07:31:14'),
(1172, 27, 38, 'pending', '2024-05-17 07:31:14'),
(1173, 26, 38, 'pending', '2024-05-17 07:31:14'),
(1174, 25, 38, 'pending', '2024-05-17 07:31:14'),
(1175, 24, 38, 'pending', '2024-05-17 07:31:14'),
(1176, 23, 38, 'pending', '2024-05-17 07:31:14'),
(1177, 22, 38, 'pending', '2024-05-17 07:31:14'),
(1178, 21, 38, 'pending', '2024-05-17 07:31:14'),
(1179, 20, 38, 'pending', '2024-05-17 07:31:14'),
(1180, 19, 38, 'pending', '2024-05-17 07:31:14'),
(1181, 18, 38, 'pending', '2024-05-17 07:31:14'),
(1182, 17, 38, 'pending', '2024-05-17 07:31:14'),
(1183, 16, 38, 'pending', '2024-05-17 07:31:14'),
(1184, 15, 38, 'pending', '2024-05-17 07:31:14'),
(1185, 14, 38, 'pending', '2024-05-17 07:31:14'),
(1186, 13, 38, 'pending', '2024-05-17 07:31:14'),
(1187, 42, 37, 'pending', '2024-05-17 07:31:14'),
(1188, 41, 37, 'pending', '2024-05-17 07:31:14'),
(1189, 40, 37, 'pending', '2024-05-17 07:31:14'),
(1190, 39, 37, 'pending', '2024-05-17 07:31:14'),
(1191, 38, 37, 'pending', '2024-05-17 07:31:14'),
(1192, 36, 37, 'pending', '2024-05-17 07:31:14'),
(1193, 35, 37, 'pending', '2024-05-17 07:31:14'),
(1194, 34, 37, 'pending', '2024-05-17 07:31:14'),
(1195, 33, 37, 'pending', '2024-05-17 07:31:14'),
(1196, 32, 37, 'pending', '2024-05-17 07:31:14'),
(1197, 31, 37, 'pending', '2024-05-17 07:31:14'),
(1198, 30, 37, 'pending', '2024-05-17 07:31:14'),
(1199, 29, 37, 'pending', '2024-05-17 07:31:14'),
(1200, 28, 37, 'pending', '2024-05-17 07:31:14'),
(1201, 27, 37, 'pending', '2024-05-17 07:31:14'),
(1202, 26, 37, 'pending', '2024-05-17 07:31:14'),
(1203, 25, 37, 'pending', '2024-05-17 07:31:14'),
(1204, 24, 37, 'pending', '2024-05-17 07:31:14'),
(1205, 23, 37, 'pending', '2024-05-17 07:31:14'),
(1206, 22, 37, 'pending', '2024-05-17 07:31:14'),
(1207, 21, 37, 'pending', '2024-05-17 07:31:14'),
(1208, 20, 37, 'pending', '2024-05-17 07:31:14'),
(1209, 19, 37, 'pending', '2024-05-17 07:31:14'),
(1210, 18, 37, 'pending', '2024-05-17 07:31:14'),
(1211, 17, 37, 'pending', '2024-05-17 07:31:14'),
(1212, 16, 37, 'pending', '2024-05-17 07:31:14'),
(1213, 15, 37, 'pending', '2024-05-17 07:31:14');
INSERT INTO `friend_requests` (`request_id`, `from_user_id`, `to_user_id`, `status`, `created_at`) VALUES
(1214, 14, 37, 'pending', '2024-05-17 07:31:14'),
(1215, 13, 37, 'pending', '2024-05-17 07:31:14'),
(1216, 42, 36, 'pending', '2024-05-17 07:31:14'),
(1217, 41, 36, 'pending', '2024-05-17 07:31:14'),
(1218, 40, 36, 'pending', '2024-05-17 07:31:14'),
(1219, 39, 36, 'pending', '2024-05-17 07:31:14'),
(1220, 38, 36, 'pending', '2024-05-17 07:31:14'),
(1221, 37, 36, 'pending', '2024-05-17 07:31:14'),
(1222, 35, 36, 'pending', '2024-05-17 07:31:14'),
(1223, 34, 36, 'pending', '2024-05-17 07:31:14'),
(1224, 33, 36, 'pending', '2024-05-17 07:31:14'),
(1225, 32, 36, 'pending', '2024-05-17 07:31:14'),
(1226, 31, 36, 'pending', '2024-05-17 07:31:14'),
(1227, 30, 36, 'pending', '2024-05-17 07:31:14'),
(1228, 29, 36, 'pending', '2024-05-17 07:31:14'),
(1229, 28, 36, 'pending', '2024-05-17 07:31:14'),
(1230, 27, 36, 'pending', '2024-05-17 07:31:14'),
(1231, 26, 36, 'pending', '2024-05-17 07:31:14'),
(1232, 25, 36, 'pending', '2024-05-17 07:31:14'),
(1233, 24, 36, 'pending', '2024-05-17 07:31:14'),
(1234, 23, 36, 'pending', '2024-05-17 07:31:14'),
(1235, 22, 36, 'pending', '2024-05-17 07:31:14'),
(1236, 21, 36, 'pending', '2024-05-17 07:31:14'),
(1237, 20, 36, 'pending', '2024-05-17 07:31:14'),
(1238, 19, 36, 'pending', '2024-05-17 07:31:14'),
(1239, 18, 36, 'pending', '2024-05-17 07:31:14'),
(1240, 17, 36, 'pending', '2024-05-17 07:31:14'),
(1241, 16, 36, 'pending', '2024-05-17 07:31:14'),
(1242, 15, 36, 'pending', '2024-05-17 07:31:14'),
(1243, 14, 36, 'pending', '2024-05-17 07:31:14'),
(1244, 13, 36, 'pending', '2024-05-17 07:31:14'),
(1245, 42, 35, 'pending', '2024-05-17 07:31:14'),
(1246, 41, 35, 'pending', '2024-05-17 07:31:14'),
(1247, 40, 35, 'pending', '2024-05-17 07:31:14'),
(1248, 39, 35, 'pending', '2024-05-17 07:31:14'),
(1249, 38, 35, 'pending', '2024-05-17 07:31:14'),
(1250, 37, 35, 'pending', '2024-05-17 07:31:14'),
(1251, 36, 35, 'pending', '2024-05-17 07:31:14'),
(1252, 34, 35, 'pending', '2024-05-17 07:31:14'),
(1253, 33, 35, 'pending', '2024-05-17 07:31:14'),
(1254, 32, 35, 'pending', '2024-05-17 07:31:14'),
(1255, 31, 35, 'pending', '2024-05-17 07:31:14'),
(1256, 30, 35, 'pending', '2024-05-17 07:31:14'),
(1257, 29, 35, 'pending', '2024-05-17 07:31:14'),
(1258, 28, 35, 'pending', '2024-05-17 07:31:14'),
(1259, 27, 35, 'pending', '2024-05-17 07:31:14'),
(1260, 26, 35, 'pending', '2024-05-17 07:31:14'),
(1261, 25, 35, 'pending', '2024-05-17 07:31:14'),
(1262, 24, 35, 'pending', '2024-05-17 07:31:14'),
(1263, 23, 35, 'pending', '2024-05-17 07:31:14'),
(1264, 22, 35, 'pending', '2024-05-17 07:31:14'),
(1265, 21, 35, 'pending', '2024-05-17 07:31:14'),
(1266, 20, 35, 'pending', '2024-05-17 07:31:14'),
(1267, 19, 35, 'pending', '2024-05-17 07:31:14'),
(1268, 18, 35, 'pending', '2024-05-17 07:31:14'),
(1269, 17, 35, 'pending', '2024-05-17 07:31:14'),
(1270, 16, 35, 'pending', '2024-05-17 07:31:14'),
(1271, 15, 35, 'pending', '2024-05-17 07:31:14'),
(1272, 14, 35, 'pending', '2024-05-17 07:31:14'),
(1273, 13, 35, 'pending', '2024-05-17 07:31:14'),
(1274, 42, 34, 'pending', '2024-05-17 07:31:14'),
(1275, 41, 34, 'pending', '2024-05-17 07:31:14'),
(1276, 40, 34, 'pending', '2024-05-17 07:31:14'),
(1277, 39, 34, 'pending', '2024-05-17 07:31:14'),
(1278, 38, 34, 'pending', '2024-05-17 07:31:14'),
(1279, 37, 34, 'pending', '2024-05-17 07:31:14'),
(1280, 36, 34, 'pending', '2024-05-17 07:31:14'),
(1281, 35, 34, 'pending', '2024-05-17 07:31:14'),
(1282, 33, 34, 'pending', '2024-05-17 07:31:14'),
(1283, 32, 34, 'pending', '2024-05-17 07:31:14'),
(1284, 31, 34, 'pending', '2024-05-17 07:31:14'),
(1285, 30, 34, 'pending', '2024-05-17 07:31:14'),
(1286, 29, 34, 'pending', '2024-05-17 07:31:14'),
(1287, 28, 34, 'pending', '2024-05-17 07:31:14'),
(1288, 27, 34, 'pending', '2024-05-17 07:31:14'),
(1289, 26, 34, 'pending', '2024-05-17 07:31:14'),
(1290, 25, 34, 'pending', '2024-05-17 07:31:14'),
(1291, 24, 34, 'pending', '2024-05-17 07:31:14'),
(1292, 23, 34, 'pending', '2024-05-17 07:31:14'),
(1293, 22, 34, 'pending', '2024-05-17 07:31:14'),
(1294, 21, 34, 'pending', '2024-05-17 07:31:14'),
(1295, 20, 34, 'pending', '2024-05-17 07:31:14'),
(1296, 19, 34, 'pending', '2024-05-17 07:31:14'),
(1297, 18, 34, 'pending', '2024-05-17 07:31:14'),
(1298, 17, 34, 'pending', '2024-05-17 07:31:14'),
(1299, 16, 34, 'pending', '2024-05-17 07:31:14'),
(1300, 15, 34, 'pending', '2024-05-17 07:31:14'),
(1301, 14, 34, 'pending', '2024-05-17 07:31:14'),
(1302, 13, 34, 'pending', '2024-05-17 07:31:14'),
(1303, 42, 33, 'pending', '2024-05-17 07:31:14'),
(1304, 41, 33, 'pending', '2024-05-17 07:31:14'),
(1305, 40, 33, 'pending', '2024-05-17 07:31:14'),
(1306, 39, 33, 'pending', '2024-05-17 07:31:14'),
(1307, 38, 33, 'pending', '2024-05-17 07:31:14'),
(1308, 37, 33, 'pending', '2024-05-17 07:31:14'),
(1309, 36, 33, 'pending', '2024-05-17 07:31:14'),
(1310, 35, 33, 'pending', '2024-05-17 07:31:14'),
(1311, 34, 33, 'pending', '2024-05-17 07:31:14'),
(1312, 32, 33, 'pending', '2024-05-17 07:31:14'),
(1313, 31, 33, 'pending', '2024-05-17 07:31:14'),
(1314, 30, 33, 'pending', '2024-05-17 07:31:14'),
(1315, 29, 33, 'pending', '2024-05-17 07:31:14'),
(1316, 28, 33, 'pending', '2024-05-17 07:31:14'),
(1317, 27, 33, 'pending', '2024-05-17 07:31:14'),
(1318, 26, 33, 'pending', '2024-05-17 07:31:14'),
(1319, 25, 33, 'pending', '2024-05-17 07:31:14'),
(1320, 24, 33, 'pending', '2024-05-17 07:31:14'),
(1321, 23, 33, 'pending', '2024-05-17 07:31:14'),
(1322, 22, 33, 'pending', '2024-05-17 07:31:14'),
(1323, 21, 33, 'pending', '2024-05-17 07:31:14'),
(1324, 20, 33, 'pending', '2024-05-17 07:31:14'),
(1325, 19, 33, 'pending', '2024-05-17 07:31:14'),
(1326, 18, 33, 'pending', '2024-05-17 07:31:14'),
(1327, 17, 33, 'pending', '2024-05-17 07:31:14'),
(1328, 16, 33, 'pending', '2024-05-17 07:31:14'),
(1329, 15, 33, 'pending', '2024-05-17 07:31:14'),
(1330, 14, 33, 'pending', '2024-05-17 07:31:14'),
(1331, 13, 33, 'pending', '2024-05-17 07:31:14'),
(1332, 42, 32, 'pending', '2024-05-17 07:31:14'),
(1333, 41, 32, 'pending', '2024-05-17 07:31:14'),
(1334, 40, 32, 'pending', '2024-05-17 07:31:14'),
(1335, 39, 32, 'pending', '2024-05-17 07:31:14'),
(1336, 38, 32, 'pending', '2024-05-17 07:31:14'),
(1337, 37, 32, 'pending', '2024-05-17 07:31:14'),
(1338, 36, 32, 'pending', '2024-05-17 07:31:14'),
(1339, 35, 32, 'pending', '2024-05-17 07:31:14'),
(1340, 34, 32, 'pending', '2024-05-17 07:31:14'),
(1341, 33, 32, 'pending', '2024-05-17 07:31:14'),
(1342, 31, 32, 'pending', '2024-05-17 07:31:14'),
(1343, 30, 32, 'pending', '2024-05-17 07:31:14'),
(1344, 29, 32, 'pending', '2024-05-17 07:31:14'),
(1345, 28, 32, 'pending', '2024-05-17 07:31:14'),
(1346, 27, 32, 'pending', '2024-05-17 07:31:14'),
(1347, 26, 32, 'pending', '2024-05-17 07:31:14'),
(1348, 25, 32, 'pending', '2024-05-17 07:31:14'),
(1349, 24, 32, 'pending', '2024-05-17 07:31:14'),
(1350, 23, 32, 'pending', '2024-05-17 07:31:14'),
(1351, 22, 32, 'pending', '2024-05-17 07:31:14'),
(1352, 21, 32, 'pending', '2024-05-17 07:31:14'),
(1353, 20, 32, 'pending', '2024-05-17 07:31:14'),
(1354, 19, 32, 'pending', '2024-05-17 07:31:14'),
(1355, 18, 32, 'pending', '2024-05-17 07:31:14'),
(1356, 17, 32, 'pending', '2024-05-17 07:31:14'),
(1357, 16, 32, 'pending', '2024-05-17 07:31:14'),
(1358, 15, 32, 'pending', '2024-05-17 07:31:14'),
(1359, 14, 32, 'pending', '2024-05-17 07:31:14'),
(1360, 13, 32, 'pending', '2024-05-17 07:31:14'),
(1361, 42, 31, 'pending', '2024-05-17 07:31:14'),
(1362, 41, 31, 'pending', '2024-05-17 07:31:14'),
(1363, 40, 31, 'pending', '2024-05-17 07:31:14'),
(1364, 39, 31, 'pending', '2024-05-17 07:31:14'),
(1365, 38, 31, 'pending', '2024-05-17 07:31:14'),
(1366, 37, 31, 'pending', '2024-05-17 07:31:14'),
(1367, 36, 31, 'pending', '2024-05-17 07:31:14'),
(1368, 35, 31, 'pending', '2024-05-17 07:31:14'),
(1369, 34, 31, 'pending', '2024-05-17 07:31:14'),
(1370, 33, 31, 'pending', '2024-05-17 07:31:14'),
(1371, 32, 31, 'pending', '2024-05-17 07:31:14'),
(1372, 30, 31, 'pending', '2024-05-17 07:31:14'),
(1373, 29, 31, 'pending', '2024-05-17 07:31:14'),
(1374, 28, 31, 'pending', '2024-05-17 07:31:14'),
(1375, 27, 31, 'pending', '2024-05-17 07:31:14'),
(1376, 26, 31, 'pending', '2024-05-17 07:31:14'),
(1377, 25, 31, 'pending', '2024-05-17 07:31:14'),
(1378, 24, 31, 'pending', '2024-05-17 07:31:14'),
(1379, 23, 31, 'pending', '2024-05-17 07:31:14'),
(1380, 22, 31, 'pending', '2024-05-17 07:31:14'),
(1381, 21, 31, 'pending', '2024-05-17 07:31:14'),
(1382, 20, 31, 'pending', '2024-05-17 07:31:14'),
(1383, 19, 31, 'pending', '2024-05-17 07:31:14'),
(1384, 18, 31, 'pending', '2024-05-17 07:31:14'),
(1385, 17, 31, 'pending', '2024-05-17 07:31:14'),
(1386, 16, 31, 'pending', '2024-05-17 07:31:14'),
(1387, 15, 31, 'pending', '2024-05-17 07:31:14'),
(1388, 14, 31, 'pending', '2024-05-17 07:31:14'),
(1389, 13, 31, 'pending', '2024-05-17 07:31:14'),
(1390, 42, 30, 'pending', '2024-05-17 07:31:14'),
(1391, 41, 30, 'pending', '2024-05-17 07:31:14'),
(1392, 40, 30, 'pending', '2024-05-17 07:31:14'),
(1393, 39, 30, 'pending', '2024-05-17 07:31:14'),
(1394, 38, 30, 'pending', '2024-05-17 07:31:14'),
(1395, 37, 30, 'pending', '2024-05-17 07:31:14'),
(1396, 36, 30, 'pending', '2024-05-17 07:31:14'),
(1397, 35, 30, 'pending', '2024-05-17 07:31:14'),
(1398, 34, 30, 'pending', '2024-05-17 07:31:14'),
(1399, 33, 30, 'pending', '2024-05-17 07:31:14'),
(1400, 32, 30, 'pending', '2024-05-17 07:31:14'),
(1401, 31, 30, 'pending', '2024-05-17 07:31:14'),
(1402, 29, 30, 'pending', '2024-05-17 07:31:14'),
(1403, 28, 30, 'pending', '2024-05-17 07:31:14'),
(1404, 27, 30, 'pending', '2024-05-17 07:31:14'),
(1405, 26, 30, 'pending', '2024-05-17 07:31:14'),
(1406, 25, 30, 'pending', '2024-05-17 07:31:14'),
(1407, 24, 30, 'pending', '2024-05-17 07:31:14'),
(1408, 23, 30, 'pending', '2024-05-17 07:31:14'),
(1409, 22, 30, 'pending', '2024-05-17 07:31:14'),
(1410, 21, 30, 'pending', '2024-05-17 07:31:14'),
(1411, 20, 30, 'pending', '2024-05-17 07:31:14'),
(1412, 19, 30, 'pending', '2024-05-17 07:31:14'),
(1413, 18, 30, 'pending', '2024-05-17 07:31:14'),
(1414, 17, 30, 'pending', '2024-05-17 07:31:14'),
(1415, 16, 30, 'pending', '2024-05-17 07:31:14'),
(1416, 15, 30, 'pending', '2024-05-17 07:31:14'),
(1417, 14, 30, 'pending', '2024-05-17 07:31:14'),
(1418, 13, 30, 'pending', '2024-05-17 07:31:14'),
(1419, 42, 29, 'pending', '2024-05-17 07:31:14'),
(1420, 41, 29, 'pending', '2024-05-17 07:31:14'),
(1421, 40, 29, 'pending', '2024-05-17 07:31:14'),
(1422, 39, 29, 'pending', '2024-05-17 07:31:14'),
(1423, 38, 29, 'pending', '2024-05-17 07:31:14'),
(1424, 37, 29, 'pending', '2024-05-17 07:31:14'),
(1425, 36, 29, 'pending', '2024-05-17 07:31:14'),
(1426, 35, 29, 'pending', '2024-05-17 07:31:14'),
(1427, 34, 29, 'pending', '2024-05-17 07:31:14'),
(1428, 33, 29, 'pending', '2024-05-17 07:31:14'),
(1429, 32, 29, 'pending', '2024-05-17 07:31:14'),
(1430, 31, 29, 'pending', '2024-05-17 07:31:14'),
(1431, 30, 29, 'pending', '2024-05-17 07:31:14'),
(1432, 28, 29, 'pending', '2024-05-17 07:31:14'),
(1433, 27, 29, 'pending', '2024-05-17 07:31:14'),
(1434, 26, 29, 'pending', '2024-05-17 07:31:14'),
(1435, 25, 29, 'pending', '2024-05-17 07:31:14'),
(1436, 24, 29, 'pending', '2024-05-17 07:31:14'),
(1437, 23, 29, 'pending', '2024-05-17 07:31:14'),
(1438, 22, 29, 'pending', '2024-05-17 07:31:14'),
(1439, 21, 29, 'pending', '2024-05-17 07:31:14'),
(1440, 20, 29, 'pending', '2024-05-17 07:31:14'),
(1441, 19, 29, 'pending', '2024-05-17 07:31:14'),
(1442, 18, 29, 'pending', '2024-05-17 07:31:14'),
(1443, 17, 29, 'pending', '2024-05-17 07:31:14'),
(1444, 16, 29, 'pending', '2024-05-17 07:31:14'),
(1445, 15, 29, 'pending', '2024-05-17 07:31:14'),
(1446, 14, 29, 'pending', '2024-05-17 07:31:14'),
(1447, 13, 29, 'pending', '2024-05-17 07:31:14'),
(1448, 42, 28, 'pending', '2024-05-17 07:31:14'),
(1449, 41, 28, 'pending', '2024-05-17 07:31:14'),
(1450, 40, 28, 'pending', '2024-05-17 07:31:14'),
(1451, 39, 28, 'pending', '2024-05-17 07:31:14'),
(1452, 38, 28, 'pending', '2024-05-17 07:31:14'),
(1453, 37, 28, 'pending', '2024-05-17 07:31:14'),
(1454, 36, 28, 'pending', '2024-05-17 07:31:14'),
(1455, 35, 28, 'pending', '2024-05-17 07:31:14'),
(1456, 34, 28, 'pending', '2024-05-17 07:31:14'),
(1457, 33, 28, 'pending', '2024-05-17 07:31:14'),
(1458, 32, 28, 'pending', '2024-05-17 07:31:14'),
(1459, 31, 28, 'pending', '2024-05-17 07:31:14'),
(1460, 30, 28, 'pending', '2024-05-17 07:31:14'),
(1461, 29, 28, 'pending', '2024-05-17 07:31:14'),
(1462, 27, 28, 'pending', '2024-05-17 07:31:14'),
(1463, 26, 28, 'pending', '2024-05-17 07:31:14'),
(1464, 25, 28, 'pending', '2024-05-17 07:31:14'),
(1465, 24, 28, 'pending', '2024-05-17 07:31:14'),
(1466, 23, 28, 'pending', '2024-05-17 07:31:14'),
(1467, 22, 28, 'pending', '2024-05-17 07:31:14'),
(1468, 21, 28, 'pending', '2024-05-17 07:31:14'),
(1469, 20, 28, 'pending', '2024-05-17 07:31:14'),
(1470, 19, 28, 'pending', '2024-05-17 07:31:14'),
(1471, 18, 28, 'pending', '2024-05-17 07:31:14'),
(1472, 17, 28, 'pending', '2024-05-17 07:31:14'),
(1473, 16, 28, 'pending', '2024-05-17 07:31:14'),
(1474, 15, 28, 'pending', '2024-05-17 07:31:14'),
(1475, 14, 28, 'pending', '2024-05-17 07:31:14'),
(1476, 13, 28, 'pending', '2024-05-17 07:31:14'),
(1477, 42, 27, 'pending', '2024-05-17 07:31:14'),
(1478, 41, 27, 'pending', '2024-05-17 07:31:14'),
(1479, 40, 27, 'pending', '2024-05-17 07:31:14'),
(1480, 39, 27, 'pending', '2024-05-17 07:31:14'),
(1481, 38, 27, 'pending', '2024-05-17 07:31:14'),
(1482, 37, 27, 'pending', '2024-05-17 07:31:14'),
(1483, 36, 27, 'pending', '2024-05-17 07:31:14'),
(1484, 35, 27, 'pending', '2024-05-17 07:31:14'),
(1485, 34, 27, 'pending', '2024-05-17 07:31:14'),
(1486, 33, 27, 'pending', '2024-05-17 07:31:14'),
(1487, 32, 27, 'pending', '2024-05-17 07:31:14'),
(1488, 31, 27, 'pending', '2024-05-17 07:31:14'),
(1489, 30, 27, 'pending', '2024-05-17 07:31:14'),
(1490, 29, 27, 'pending', '2024-05-17 07:31:14'),
(1491, 28, 27, 'pending', '2024-05-17 07:31:14'),
(1492, 26, 27, 'pending', '2024-05-17 07:31:14'),
(1493, 25, 27, 'pending', '2024-05-17 07:31:14'),
(1494, 24, 27, 'pending', '2024-05-17 07:31:14'),
(1495, 23, 27, 'pending', '2024-05-17 07:31:14'),
(1496, 22, 27, 'pending', '2024-05-17 07:31:14'),
(1497, 21, 27, 'pending', '2024-05-17 07:31:14'),
(1498, 20, 27, 'pending', '2024-05-17 07:31:14'),
(1499, 19, 27, 'pending', '2024-05-17 07:31:14'),
(1500, 18, 27, 'pending', '2024-05-17 07:31:14'),
(1501, 17, 27, 'pending', '2024-05-17 07:31:14'),
(1502, 16, 27, 'pending', '2024-05-17 07:31:14'),
(1503, 15, 27, 'pending', '2024-05-17 07:31:14'),
(1504, 14, 27, 'pending', '2024-05-17 07:31:14'),
(1505, 13, 27, 'pending', '2024-05-17 07:31:14'),
(1506, 42, 26, 'pending', '2024-05-17 07:31:14'),
(1507, 41, 26, 'pending', '2024-05-17 07:31:14'),
(1508, 40, 26, 'pending', '2024-05-17 07:31:14'),
(1509, 39, 26, 'pending', '2024-05-17 07:31:14'),
(1510, 38, 26, 'pending', '2024-05-17 07:31:14'),
(1511, 37, 26, 'pending', '2024-05-17 07:31:14'),
(1512, 36, 26, 'pending', '2024-05-17 07:31:14'),
(1513, 35, 26, 'pending', '2024-05-17 07:31:14'),
(1514, 34, 26, 'pending', '2024-05-17 07:31:14'),
(1515, 33, 26, 'pending', '2024-05-17 07:31:14'),
(1516, 32, 26, 'pending', '2024-05-17 07:31:14'),
(1517, 31, 26, 'pending', '2024-05-17 07:31:14'),
(1518, 30, 26, 'pending', '2024-05-17 07:31:14'),
(1519, 29, 26, 'pending', '2024-05-17 07:31:14'),
(1520, 28, 26, 'pending', '2024-05-17 07:31:14'),
(1521, 27, 26, 'pending', '2024-05-17 07:31:14'),
(1522, 25, 26, 'pending', '2024-05-17 07:31:14'),
(1523, 24, 26, 'pending', '2024-05-17 07:31:14'),
(1524, 23, 26, 'pending', '2024-05-17 07:31:14'),
(1525, 22, 26, 'pending', '2024-05-17 07:31:14'),
(1526, 21, 26, 'pending', '2024-05-17 07:31:14'),
(1527, 20, 26, 'pending', '2024-05-17 07:31:14'),
(1528, 19, 26, 'pending', '2024-05-17 07:31:14'),
(1529, 18, 26, 'pending', '2024-05-17 07:31:14'),
(1530, 17, 26, 'pending', '2024-05-17 07:31:14'),
(1531, 16, 26, 'pending', '2024-05-17 07:31:14'),
(1532, 15, 26, 'pending', '2024-05-17 07:31:14'),
(1533, 14, 26, 'pending', '2024-05-17 07:31:14'),
(1534, 13, 26, 'pending', '2024-05-17 07:31:14'),
(1535, 42, 25, 'pending', '2024-05-17 07:31:14'),
(1536, 41, 25, 'pending', '2024-05-17 07:31:14'),
(1537, 40, 25, 'pending', '2024-05-17 07:31:14'),
(1538, 39, 25, 'pending', '2024-05-17 07:31:14'),
(1539, 38, 25, 'pending', '2024-05-17 07:31:14'),
(1540, 37, 25, 'pending', '2024-05-17 07:31:14'),
(1541, 36, 25, 'pending', '2024-05-17 07:31:14'),
(1542, 35, 25, 'pending', '2024-05-17 07:31:14'),
(1543, 34, 25, 'pending', '2024-05-17 07:31:14'),
(1544, 33, 25, 'pending', '2024-05-17 07:31:14'),
(1545, 32, 25, 'pending', '2024-05-17 07:31:14'),
(1546, 31, 25, 'pending', '2024-05-17 07:31:14'),
(1547, 30, 25, 'pending', '2024-05-17 07:31:14'),
(1548, 29, 25, 'pending', '2024-05-17 07:31:14'),
(1549, 28, 25, 'pending', '2024-05-17 07:31:14'),
(1550, 27, 25, 'pending', '2024-05-17 07:31:14'),
(1551, 26, 25, 'pending', '2024-05-17 07:31:14'),
(1552, 24, 25, 'pending', '2024-05-17 07:31:14'),
(1553, 23, 25, 'pending', '2024-05-17 07:31:14'),
(1554, 22, 25, 'pending', '2024-05-17 07:31:14'),
(1555, 21, 25, 'pending', '2024-05-17 07:31:14'),
(1556, 20, 25, 'pending', '2024-05-17 07:31:14'),
(1557, 19, 25, 'pending', '2024-05-17 07:31:14'),
(1558, 18, 25, 'pending', '2024-05-17 07:31:14'),
(1559, 17, 25, 'pending', '2024-05-17 07:31:14'),
(1560, 16, 25, 'pending', '2024-05-17 07:31:14'),
(1561, 15, 25, 'pending', '2024-05-17 07:31:14'),
(1562, 14, 25, 'pending', '2024-05-17 07:31:14'),
(1563, 13, 25, 'pending', '2024-05-17 07:31:14'),
(1564, 42, 24, 'pending', '2024-05-17 07:31:14'),
(1565, 41, 24, 'pending', '2024-05-17 07:31:14'),
(1566, 40, 24, 'pending', '2024-05-17 07:31:14'),
(1567, 39, 24, 'pending', '2024-05-17 07:31:14'),
(1568, 38, 24, 'pending', '2024-05-17 07:31:14'),
(1569, 37, 24, 'pending', '2024-05-17 07:31:14'),
(1570, 36, 24, 'pending', '2024-05-17 07:31:14'),
(1571, 35, 24, 'pending', '2024-05-17 07:31:14'),
(1572, 34, 24, 'pending', '2024-05-17 07:31:14'),
(1573, 33, 24, 'pending', '2024-05-17 07:31:14'),
(1574, 32, 24, 'pending', '2024-05-17 07:31:14'),
(1575, 31, 24, 'pending', '2024-05-17 07:31:14'),
(1576, 30, 24, 'pending', '2024-05-17 07:31:14'),
(1577, 29, 24, 'pending', '2024-05-17 07:31:14'),
(1578, 28, 24, 'pending', '2024-05-17 07:31:14'),
(1579, 27, 24, 'pending', '2024-05-17 07:31:14'),
(1580, 26, 24, 'pending', '2024-05-17 07:31:14'),
(1581, 25, 24, 'pending', '2024-05-17 07:31:14'),
(1582, 23, 24, 'pending', '2024-05-17 07:31:14'),
(1583, 22, 24, 'pending', '2024-05-17 07:31:14'),
(1584, 21, 24, 'pending', '2024-05-17 07:31:14'),
(1585, 20, 24, 'pending', '2024-05-17 07:31:14'),
(1586, 19, 24, 'pending', '2024-05-17 07:31:14'),
(1587, 18, 24, 'pending', '2024-05-17 07:31:14'),
(1588, 17, 24, 'pending', '2024-05-17 07:31:14'),
(1589, 16, 24, 'pending', '2024-05-17 07:31:14'),
(1590, 15, 24, 'pending', '2024-05-17 07:31:14'),
(1591, 14, 24, 'pending', '2024-05-17 07:31:14'),
(1592, 13, 24, 'pending', '2024-05-17 07:31:14'),
(1593, 42, 23, 'pending', '2024-05-17 07:31:14'),
(1594, 41, 23, 'pending', '2024-05-17 07:31:14'),
(1595, 40, 23, 'pending', '2024-05-17 07:31:14'),
(1596, 39, 23, 'pending', '2024-05-17 07:31:14'),
(1597, 38, 23, 'pending', '2024-05-17 07:31:14'),
(1598, 37, 23, 'pending', '2024-05-17 07:31:14'),
(1599, 36, 23, 'pending', '2024-05-17 07:31:14'),
(1600, 35, 23, 'pending', '2024-05-17 07:31:14'),
(1601, 34, 23, 'pending', '2024-05-17 07:31:14'),
(1602, 33, 23, 'pending', '2024-05-17 07:31:14'),
(1603, 32, 23, 'pending', '2024-05-17 07:31:14'),
(1604, 31, 23, 'pending', '2024-05-17 07:31:14'),
(1605, 30, 23, 'pending', '2024-05-17 07:31:14'),
(1606, 29, 23, 'pending', '2024-05-17 07:31:14'),
(1607, 28, 23, 'pending', '2024-05-17 07:31:14'),
(1608, 27, 23, 'pending', '2024-05-17 07:31:14'),
(1609, 26, 23, 'pending', '2024-05-17 07:31:14'),
(1610, 25, 23, 'pending', '2024-05-17 07:31:14'),
(1611, 24, 23, 'pending', '2024-05-17 07:31:14'),
(1612, 22, 23, 'pending', '2024-05-17 07:31:14'),
(1613, 21, 23, 'pending', '2024-05-17 07:31:14'),
(1614, 20, 23, 'pending', '2024-05-17 07:31:14'),
(1615, 19, 23, 'pending', '2024-05-17 07:31:14'),
(1616, 18, 23, 'pending', '2024-05-17 07:31:14'),
(1617, 17, 23, 'pending', '2024-05-17 07:31:14'),
(1618, 16, 23, 'pending', '2024-05-17 07:31:14'),
(1619, 15, 23, 'pending', '2024-05-17 07:31:14'),
(1620, 14, 23, 'pending', '2024-05-17 07:31:14'),
(1621, 13, 23, 'pending', '2024-05-17 07:31:14'),
(1622, 42, 22, 'pending', '2024-05-17 07:31:14'),
(1623, 41, 22, 'pending', '2024-05-17 07:31:14'),
(1624, 40, 22, 'pending', '2024-05-17 07:31:14'),
(1625, 39, 22, 'pending', '2024-05-17 07:31:14'),
(1626, 38, 22, 'pending', '2024-05-17 07:31:14'),
(1627, 37, 22, 'pending', '2024-05-17 07:31:14'),
(1628, 36, 22, 'pending', '2024-05-17 07:31:14'),
(1629, 35, 22, 'pending', '2024-05-17 07:31:14'),
(1630, 34, 22, 'pending', '2024-05-17 07:31:14'),
(1631, 33, 22, 'pending', '2024-05-17 07:31:14'),
(1632, 32, 22, 'pending', '2024-05-17 07:31:14'),
(1633, 31, 22, 'pending', '2024-05-17 07:31:14'),
(1634, 30, 22, 'pending', '2024-05-17 07:31:14'),
(1635, 29, 22, 'pending', '2024-05-17 07:31:14'),
(1636, 28, 22, 'pending', '2024-05-17 07:31:14'),
(1637, 27, 22, 'pending', '2024-05-17 07:31:14'),
(1638, 26, 22, 'pending', '2024-05-17 07:31:14'),
(1639, 25, 22, 'pending', '2024-05-17 07:31:14'),
(1640, 24, 22, 'pending', '2024-05-17 07:31:14'),
(1641, 23, 22, 'pending', '2024-05-17 07:31:14'),
(1642, 21, 22, 'pending', '2024-05-17 07:31:14'),
(1643, 20, 22, 'pending', '2024-05-17 07:31:14'),
(1644, 19, 22, 'pending', '2024-05-17 07:31:14'),
(1645, 18, 22, 'pending', '2024-05-17 07:31:14'),
(1646, 17, 22, 'pending', '2024-05-17 07:31:14'),
(1647, 16, 22, 'pending', '2024-05-17 07:31:14'),
(1648, 15, 22, 'pending', '2024-05-17 07:31:14'),
(1649, 14, 22, 'pending', '2024-05-17 07:31:14'),
(1650, 13, 22, 'pending', '2024-05-17 07:31:14'),
(1651, 42, 21, 'pending', '2024-05-17 07:31:14'),
(1652, 41, 21, 'pending', '2024-05-17 07:31:14'),
(1653, 40, 21, 'pending', '2024-05-17 07:31:14'),
(1654, 39, 21, 'pending', '2024-05-17 07:31:14'),
(1655, 38, 21, 'pending', '2024-05-17 07:31:14'),
(1656, 37, 21, 'pending', '2024-05-17 07:31:14'),
(1657, 36, 21, 'pending', '2024-05-17 07:31:14'),
(1658, 35, 21, 'pending', '2024-05-17 07:31:14'),
(1659, 34, 21, 'pending', '2024-05-17 07:31:14'),
(1660, 33, 21, 'pending', '2024-05-17 07:31:14'),
(1661, 32, 21, 'pending', '2024-05-17 07:31:14'),
(1662, 31, 21, 'pending', '2024-05-17 07:31:14'),
(1663, 30, 21, 'pending', '2024-05-17 07:31:14'),
(1664, 29, 21, 'pending', '2024-05-17 07:31:14'),
(1665, 28, 21, 'pending', '2024-05-17 07:31:14'),
(1666, 27, 21, 'pending', '2024-05-17 07:31:14'),
(1667, 26, 21, 'pending', '2024-05-17 07:31:14'),
(1668, 25, 21, 'pending', '2024-05-17 07:31:14'),
(1669, 24, 21, 'pending', '2024-05-17 07:31:14'),
(1670, 23, 21, 'pending', '2024-05-17 07:31:14'),
(1671, 22, 21, 'pending', '2024-05-17 07:31:14'),
(1672, 20, 21, 'pending', '2024-05-17 07:31:14'),
(1673, 19, 21, 'pending', '2024-05-17 07:31:14'),
(1674, 18, 21, 'pending', '2024-05-17 07:31:14'),
(1675, 17, 21, 'pending', '2024-05-17 07:31:14'),
(1676, 16, 21, 'pending', '2024-05-17 07:31:14'),
(1677, 15, 21, 'pending', '2024-05-17 07:31:14'),
(1678, 14, 21, 'pending', '2024-05-17 07:31:14'),
(1679, 13, 21, 'pending', '2024-05-17 07:31:14'),
(1680, 42, 20, 'pending', '2024-05-17 07:31:14'),
(1681, 41, 20, 'pending', '2024-05-17 07:31:14'),
(1682, 40, 20, 'pending', '2024-05-17 07:31:14'),
(1683, 39, 20, 'pending', '2024-05-17 07:31:14'),
(1684, 38, 20, 'pending', '2024-05-17 07:31:14'),
(1685, 37, 20, 'pending', '2024-05-17 07:31:14'),
(1686, 36, 20, 'pending', '2024-05-17 07:31:14'),
(1687, 35, 20, 'pending', '2024-05-17 07:31:14'),
(1688, 34, 20, 'pending', '2024-05-17 07:31:14'),
(1689, 33, 20, 'pending', '2024-05-17 07:31:14'),
(1690, 32, 20, 'pending', '2024-05-17 07:31:14'),
(1691, 31, 20, 'pending', '2024-05-17 07:31:14'),
(1692, 30, 20, 'pending', '2024-05-17 07:31:14'),
(1693, 29, 20, 'pending', '2024-05-17 07:31:14'),
(1694, 28, 20, 'pending', '2024-05-17 07:31:14'),
(1695, 27, 20, 'pending', '2024-05-17 07:31:14'),
(1696, 26, 20, 'pending', '2024-05-17 07:31:14'),
(1697, 25, 20, 'pending', '2024-05-17 07:31:14'),
(1698, 24, 20, 'pending', '2024-05-17 07:31:14'),
(1699, 23, 20, 'pending', '2024-05-17 07:31:14'),
(1700, 22, 20, 'pending', '2024-05-17 07:31:14'),
(1701, 21, 20, 'pending', '2024-05-17 07:31:14'),
(1702, 19, 20, 'pending', '2024-05-17 07:31:14'),
(1703, 18, 20, 'pending', '2024-05-17 07:31:14'),
(1704, 17, 20, 'pending', '2024-05-17 07:31:14'),
(1705, 16, 20, 'pending', '2024-05-17 07:31:14'),
(1706, 15, 20, 'pending', '2024-05-17 07:31:14'),
(1707, 14, 20, 'pending', '2024-05-17 07:31:14'),
(1708, 13, 20, 'pending', '2024-05-17 07:31:14'),
(1709, 42, 19, 'pending', '2024-05-17 07:31:14'),
(1710, 41, 19, 'pending', '2024-05-17 07:31:14'),
(1711, 40, 19, 'pending', '2024-05-17 07:31:14'),
(1712, 39, 19, 'pending', '2024-05-17 07:31:14'),
(1713, 38, 19, 'pending', '2024-05-17 07:31:14'),
(1714, 37, 19, 'pending', '2024-05-17 07:31:14'),
(1715, 36, 19, 'pending', '2024-05-17 07:31:14'),
(1716, 35, 19, 'pending', '2024-05-17 07:31:14'),
(1717, 34, 19, 'pending', '2024-05-17 07:31:14'),
(1718, 33, 19, 'pending', '2024-05-17 07:31:14'),
(1719, 32, 19, 'pending', '2024-05-17 07:31:14'),
(1720, 31, 19, 'pending', '2024-05-17 07:31:14'),
(1721, 30, 19, 'pending', '2024-05-17 07:31:14'),
(1722, 29, 19, 'pending', '2024-05-17 07:31:14'),
(1723, 28, 19, 'pending', '2024-05-17 07:31:14'),
(1724, 27, 19, 'pending', '2024-05-17 07:31:14'),
(1725, 26, 19, 'pending', '2024-05-17 07:31:14'),
(1726, 25, 19, 'pending', '2024-05-17 07:31:14'),
(1727, 24, 19, 'pending', '2024-05-17 07:31:14'),
(1728, 23, 19, 'pending', '2024-05-17 07:31:14'),
(1729, 22, 19, 'pending', '2024-05-17 07:31:14'),
(1730, 21, 19, 'pending', '2024-05-17 07:31:14'),
(1731, 20, 19, 'pending', '2024-05-17 07:31:14'),
(1732, 18, 19, 'pending', '2024-05-17 07:31:14'),
(1733, 17, 19, 'pending', '2024-05-17 07:31:14'),
(1734, 16, 19, 'pending', '2024-05-17 07:31:14'),
(1735, 15, 19, 'pending', '2024-05-17 07:31:14'),
(1736, 14, 19, 'pending', '2024-05-17 07:31:14'),
(1737, 13, 19, 'pending', '2024-05-17 07:31:14'),
(1738, 42, 18, 'pending', '2024-05-17 07:31:14'),
(1739, 41, 18, 'pending', '2024-05-17 07:31:14'),
(1740, 40, 18, 'pending', '2024-05-17 07:31:14'),
(1741, 39, 18, 'pending', '2024-05-17 07:31:14'),
(1742, 38, 18, 'pending', '2024-05-17 07:31:14'),
(1743, 37, 18, 'pending', '2024-05-17 07:31:14'),
(1744, 36, 18, 'pending', '2024-05-17 07:31:14'),
(1745, 35, 18, 'pending', '2024-05-17 07:31:14'),
(1746, 34, 18, 'pending', '2024-05-17 07:31:14'),
(1747, 33, 18, 'pending', '2024-05-17 07:31:14'),
(1748, 32, 18, 'pending', '2024-05-17 07:31:14'),
(1749, 31, 18, 'pending', '2024-05-17 07:31:14'),
(1750, 30, 18, 'pending', '2024-05-17 07:31:14'),
(1751, 29, 18, 'pending', '2024-05-17 07:31:14'),
(1752, 28, 18, 'pending', '2024-05-17 07:31:14'),
(1753, 27, 18, 'pending', '2024-05-17 07:31:14'),
(1754, 26, 18, 'pending', '2024-05-17 07:31:14'),
(1755, 25, 18, 'pending', '2024-05-17 07:31:14'),
(1756, 24, 18, 'pending', '2024-05-17 07:31:14'),
(1757, 23, 18, 'pending', '2024-05-17 07:31:14'),
(1758, 22, 18, 'pending', '2024-05-17 07:31:14'),
(1759, 21, 18, 'pending', '2024-05-17 07:31:14'),
(1760, 20, 18, 'pending', '2024-05-17 07:31:14'),
(1761, 19, 18, 'pending', '2024-05-17 07:31:14'),
(1762, 17, 18, 'pending', '2024-05-17 07:31:14'),
(1763, 16, 18, 'pending', '2024-05-17 07:31:14'),
(1764, 15, 18, 'pending', '2024-05-17 07:31:14'),
(1765, 14, 18, 'pending', '2024-05-17 07:31:14'),
(1766, 13, 18, 'pending', '2024-05-17 07:31:14'),
(1767, 42, 17, 'pending', '2024-05-17 07:31:14'),
(1768, 41, 17, 'pending', '2024-05-17 07:31:14'),
(1769, 40, 17, 'pending', '2024-05-17 07:31:14'),
(1770, 39, 17, 'pending', '2024-05-17 07:31:14'),
(1771, 38, 17, 'pending', '2024-05-17 07:31:14'),
(1772, 37, 17, 'pending', '2024-05-17 07:31:14'),
(1773, 36, 17, 'pending', '2024-05-17 07:31:14'),
(1774, 35, 17, 'pending', '2024-05-17 07:31:14'),
(1775, 34, 17, 'pending', '2024-05-17 07:31:14'),
(1776, 33, 17, 'pending', '2024-05-17 07:31:14'),
(1777, 32, 17, 'pending', '2024-05-17 07:31:14'),
(1778, 31, 17, 'pending', '2024-05-17 07:31:14'),
(1779, 30, 17, 'pending', '2024-05-17 07:31:14'),
(1780, 29, 17, 'pending', '2024-05-17 07:31:14'),
(1781, 28, 17, 'pending', '2024-05-17 07:31:14'),
(1782, 27, 17, 'pending', '2024-05-17 07:31:14'),
(1783, 26, 17, 'pending', '2024-05-17 07:31:14'),
(1784, 25, 17, 'pending', '2024-05-17 07:31:14'),
(1785, 24, 17, 'pending', '2024-05-17 07:31:14'),
(1786, 23, 17, 'pending', '2024-05-17 07:31:14'),
(1787, 22, 17, 'pending', '2024-05-17 07:31:14'),
(1788, 21, 17, 'pending', '2024-05-17 07:31:14'),
(1789, 20, 17, 'pending', '2024-05-17 07:31:14'),
(1790, 19, 17, 'pending', '2024-05-17 07:31:14'),
(1791, 18, 17, 'pending', '2024-05-17 07:31:14'),
(1792, 16, 17, 'pending', '2024-05-17 07:31:14'),
(1793, 15, 17, 'pending', '2024-05-17 07:31:14'),
(1794, 14, 17, 'pending', '2024-05-17 07:31:14'),
(1795, 13, 17, 'pending', '2024-05-17 07:31:14'),
(1796, 42, 16, 'pending', '2024-05-17 07:31:14'),
(1797, 41, 16, 'pending', '2024-05-17 07:31:14'),
(1798, 40, 16, 'pending', '2024-05-17 07:31:14'),
(1799, 39, 16, 'pending', '2024-05-17 07:31:14'),
(1800, 38, 16, 'pending', '2024-05-17 07:31:14'),
(1801, 37, 16, 'pending', '2024-05-17 07:31:14'),
(1802, 36, 16, 'pending', '2024-05-17 07:31:14'),
(1803, 35, 16, 'pending', '2024-05-17 07:31:14'),
(1804, 34, 16, 'pending', '2024-05-17 07:31:14'),
(1805, 33, 16, 'pending', '2024-05-17 07:31:14'),
(1806, 32, 16, 'pending', '2024-05-17 07:31:14'),
(1807, 31, 16, 'pending', '2024-05-17 07:31:14'),
(1808, 30, 16, 'pending', '2024-05-17 07:31:14'),
(1809, 29, 16, 'pending', '2024-05-17 07:31:14'),
(1810, 28, 16, 'pending', '2024-05-17 07:31:14'),
(1811, 27, 16, 'pending', '2024-05-17 07:31:14'),
(1812, 26, 16, 'pending', '2024-05-17 07:31:14'),
(1813, 25, 16, 'pending', '2024-05-17 07:31:14'),
(1814, 24, 16, 'pending', '2024-05-17 07:31:14'),
(1815, 23, 16, 'pending', '2024-05-17 07:31:14'),
(1816, 22, 16, 'pending', '2024-05-17 07:31:14'),
(1817, 21, 16, 'pending', '2024-05-17 07:31:14'),
(1818, 20, 16, 'pending', '2024-05-17 07:31:14'),
(1819, 19, 16, 'pending', '2024-05-17 07:31:14'),
(1820, 18, 16, 'pending', '2024-05-17 07:31:14'),
(1821, 17, 16, 'pending', '2024-05-17 07:31:14'),
(1822, 15, 16, 'pending', '2024-05-17 07:31:14'),
(1823, 14, 16, 'pending', '2024-05-17 07:31:14'),
(1824, 13, 16, 'pending', '2024-05-17 07:31:14'),
(1825, 42, 15, 'pending', '2024-05-17 07:31:14'),
(1826, 41, 15, 'pending', '2024-05-17 07:31:14'),
(1827, 40, 15, 'pending', '2024-05-17 07:31:14'),
(1828, 39, 15, 'pending', '2024-05-17 07:31:14'),
(1829, 38, 15, 'pending', '2024-05-17 07:31:14'),
(1830, 37, 15, 'pending', '2024-05-17 07:31:14'),
(1831, 36, 15, 'pending', '2024-05-17 07:31:14'),
(1832, 35, 15, 'pending', '2024-05-17 07:31:14'),
(1833, 34, 15, 'pending', '2024-05-17 07:31:14'),
(1834, 33, 15, 'pending', '2024-05-17 07:31:14'),
(1835, 32, 15, 'pending', '2024-05-17 07:31:14'),
(1836, 31, 15, 'pending', '2024-05-17 07:31:14'),
(1837, 30, 15, 'pending', '2024-05-17 07:31:14'),
(1838, 29, 15, 'pending', '2024-05-17 07:31:14'),
(1839, 28, 15, 'pending', '2024-05-17 07:31:14'),
(1840, 27, 15, 'pending', '2024-05-17 07:31:14'),
(1841, 26, 15, 'pending', '2024-05-17 07:31:14'),
(1842, 25, 15, 'pending', '2024-05-17 07:31:14'),
(1843, 24, 15, 'pending', '2024-05-17 07:31:14'),
(1844, 23, 15, 'pending', '2024-05-17 07:31:14'),
(1845, 22, 15, 'pending', '2024-05-17 07:31:14'),
(1846, 21, 15, 'pending', '2024-05-17 07:31:14'),
(1847, 20, 15, 'pending', '2024-05-17 07:31:14'),
(1848, 19, 15, 'pending', '2024-05-17 07:31:14'),
(1849, 18, 15, 'pending', '2024-05-17 07:31:14'),
(1850, 17, 15, 'pending', '2024-05-17 07:31:14'),
(1851, 16, 15, 'pending', '2024-05-17 07:31:14'),
(1852, 14, 15, 'pending', '2024-05-17 07:31:14'),
(1853, 13, 15, 'pending', '2024-05-17 07:31:14'),
(1854, 42, 14, 'pending', '2024-05-17 07:31:14'),
(1855, 41, 14, 'pending', '2024-05-17 07:31:14'),
(1856, 40, 14, 'pending', '2024-05-17 07:31:14'),
(1857, 39, 14, 'pending', '2024-05-17 07:31:14'),
(1858, 38, 14, 'pending', '2024-05-17 07:31:14'),
(1859, 37, 14, 'pending', '2024-05-17 07:31:14'),
(1860, 36, 14, 'pending', '2024-05-17 07:31:14'),
(1861, 35, 14, 'pending', '2024-05-17 07:31:14'),
(1862, 34, 14, 'pending', '2024-05-17 07:31:14'),
(1863, 33, 14, 'pending', '2024-05-17 07:31:14'),
(1864, 32, 14, 'pending', '2024-05-17 07:31:14'),
(1865, 31, 14, 'pending', '2024-05-17 07:31:14'),
(1866, 30, 14, 'pending', '2024-05-17 07:31:14'),
(1867, 29, 14, 'pending', '2024-05-17 07:31:14'),
(1868, 28, 14, 'pending', '2024-05-17 07:31:14'),
(1869, 27, 14, 'pending', '2024-05-17 07:31:14'),
(1870, 26, 14, 'pending', '2024-05-17 07:31:14'),
(1871, 25, 14, 'pending', '2024-05-17 07:31:14'),
(1872, 24, 14, 'pending', '2024-05-17 07:31:14'),
(1873, 23, 14, 'pending', '2024-05-17 07:31:14'),
(1874, 22, 14, 'pending', '2024-05-17 07:31:14'),
(1875, 21, 14, 'pending', '2024-05-17 07:31:14'),
(1876, 20, 14, 'pending', '2024-05-17 07:31:14'),
(1877, 19, 14, 'pending', '2024-05-17 07:31:14'),
(1878, 18, 14, 'pending', '2024-05-17 07:31:14'),
(1879, 17, 14, 'pending', '2024-05-17 07:31:14'),
(1880, 16, 14, 'pending', '2024-05-17 07:31:14'),
(1881, 15, 14, 'pending', '2024-05-17 07:31:14'),
(1882, 13, 14, 'pending', '2024-05-17 07:31:14'),
(1883, 42, 13, 'pending', '2024-05-17 07:31:14'),
(1884, 41, 13, 'pending', '2024-05-17 07:31:14'),
(1885, 40, 13, 'pending', '2024-05-17 07:31:14'),
(1886, 39, 13, 'pending', '2024-05-17 07:31:14'),
(1887, 38, 13, 'pending', '2024-05-17 07:31:14'),
(1888, 37, 13, 'pending', '2024-05-17 07:31:14'),
(1889, 36, 13, 'pending', '2024-05-17 07:31:14'),
(1890, 35, 13, 'pending', '2024-05-17 07:31:14'),
(1891, 34, 13, 'pending', '2024-05-17 07:31:14'),
(1892, 33, 13, 'pending', '2024-05-17 07:31:14'),
(1893, 32, 13, 'pending', '2024-05-17 07:31:14'),
(1894, 31, 13, 'pending', '2024-05-17 07:31:14'),
(1895, 30, 13, 'pending', '2024-05-17 07:31:14'),
(1896, 29, 13, 'pending', '2024-05-17 07:31:14'),
(1897, 28, 13, 'pending', '2024-05-17 07:31:14'),
(1898, 27, 13, 'pending', '2024-05-17 07:31:14'),
(1899, 26, 13, 'pending', '2024-05-17 07:31:14'),
(1900, 25, 13, 'pending', '2024-05-17 07:31:14'),
(1901, 24, 13, 'pending', '2024-05-17 07:31:14'),
(1902, 23, 13, 'pending', '2024-05-17 07:31:14'),
(1903, 22, 13, 'pending', '2024-05-17 07:31:14'),
(1904, 21, 13, 'pending', '2024-05-17 07:31:14'),
(1905, 20, 13, 'pending', '2024-05-17 07:31:14'),
(1906, 19, 13, 'pending', '2024-05-17 07:31:14'),
(1907, 18, 13, 'pending', '2024-05-17 07:31:14'),
(1908, 17, 13, 'pending', '2024-05-17 07:31:14'),
(1909, 16, 13, 'pending', '2024-05-17 07:31:14'),
(1910, 15, 13, 'pending', '2024-05-17 07:31:14'),
(1911, 14, 13, 'pending', '2024-05-17 07:31:14');

-- --------------------------------------------------------

--
-- Structure de la table `groups`
--

CREATE TABLE `groups` (
  `group_id` int(11) NOT NULL,
  `group_name` varchar(255) NOT NULL,
  `creator_id` int(11) NOT NULL
) ENGINE=InnoDB DEFAULT CHARSET=utf8mb4 COLLATE=utf8mb4_general_ci;

--
-- Déchargement des données de la table `groups`
--

INSERT INTO `groups` (`group_id`, `group_name`, `creator_id`) VALUES
(1, 'popoo', 6),
(14, 'F', 5),
(21, 'booo', 11),
(22, 'gogo gogo', 6),
(23, 'FOOF', 6);

-- --------------------------------------------------------

--
-- Structure de la table `group_members`
--

CREATE TABLE `group_members` (
  `group_id` int(11) NOT NULL,
  `user_id` int(11) NOT NULL
) ENGINE=InnoDB DEFAULT CHARSET=utf8mb4 COLLATE=utf8mb4_general_ci;

--
-- Déchargement des données de la table `group_members`
--

INSERT INTO `group_members` (`group_id`, `user_id`) VALUES
(1, 5),
(1, 6),
(1, 10),
(14, 7),
(22, 5),
(22, 7),
(23, 5);

-- --------------------------------------------------------

--
-- Structure de la table `interests`
--

CREATE TABLE `interests` (
  `interest_id` int(11) NOT NULL,
  `interest_label` varchar(100) NOT NULL
) ENGINE=InnoDB DEFAULT CHARSET=utf8mb4 COLLATE=utf8mb4_general_ci;

--
-- Déchargement des données de la table `interests`
--

INSERT INTO `interests` (`interest_id`, `interest_label`) VALUES
(1, ''),
(2, 'Football'),
(3, 'volley');

-- --------------------------------------------------------

--
-- Structure de la table `likes`
--

CREATE TABLE `likes` (
  `id` int(11) NOT NULL,
  `publication_id` int(11) DEFAULT NULL,
  `user_id` int(11) DEFAULT NULL
) ENGINE=InnoDB DEFAULT CHARSET=utf8mb4 COLLATE=utf8mb4_general_ci;

--
-- Déchargement des données de la table `likes`
--

INSERT INTO `likes` (`id`, `publication_id`, `user_id`) VALUES
(10, 7, 7),
(13, 17, 10),
(15, 18, 6),
(14, 19, 6),
(16, 20, 6);

-- --------------------------------------------------------

--
-- Structure de la table `mails`
--

CREATE TABLE `mails` (
  `id` int(11) NOT NULL,
  `name` varchar(100) NOT NULL,
  `email` varchar(100) NOT NULL,
  `message` text NOT NULL,
  `created_at` timestamp NOT NULL DEFAULT current_timestamp()
) ENGINE=InnoDB DEFAULT CHARSET=utf8mb4 COLLATE=utf8mb4_general_ci;

--
-- Déchargement des données de la table `mails`
--

INSERT INTO `mails` (`id`, `name`, `email`, `message`, `created_at`) VALUES
(1, 'Chen Philiek', 'chenphiliek2002@hotmail.com', 'cojocou', '2024-05-14 07:09:25'),
(2, 'Chen Philiek', 'chenphiliek2002@hotmail.com', 'cooc', '2024-05-14 07:18:21'),
(3, 'Chen Philiek', 'chenphiliek2002@hotmail.com', 'j', '2024-05-14 07:22:38'),
(4, 'Chen Philiek', 'chenphiliek2002@hotmail.com', 'cc', '2024-05-14 07:25:04'),
(5, 'Chen Philiek', 'chenphiliek2002@hotmail.com', 'cc', '2024-05-14 07:29:52');

-- --------------------------------------------------------

--
-- Structure de la table `messages`
--

CREATE TABLE `messages` (
  `message_id` int(11) NOT NULL,
  `sender_id` int(11) NOT NULL,
  `receiver_id` int(11) NOT NULL,
  `message_content` text DEFAULT NULL,
  `datetime` datetime DEFAULT current_timestamp(),
  `conversation_id` varchar(255) DEFAULT NULL
) ENGINE=InnoDB DEFAULT CHARSET=utf8mb4 COLLATE=utf8mb4_general_ci;

--
-- Déchargement des données de la table `messages`
--

INSERT INTO `messages` (`message_id`, `sender_id`, `receiver_id`, `message_content`, `datetime`, `conversation_id`) VALUES
(1, 6, 5, 'Conversation started', '2024-05-13 20:52:24', '66425a8807a49'),
(2, 6, 5, 'Conversation started', '2024-05-13 20:54:15', '66425a8807a49'),
(3, 6, 5, 'Conversation started', '2024-05-13 21:07:50', '66425a8807a49'),
(4, 10, 10, 'Conversation started', '2024-05-15 14:20:02', '6644a87217865'),
(5, 6, 7, 'Conversation started', '2024-05-22 13:17:50', '66427907bc799');

-- --------------------------------------------------------

--
-- Structure de la table `messagesgroups`
--

CREATE TABLE `messagesgroups` (
  `message_id` int(11) NOT NULL,
  `group_id` int(11) NOT NULL,
  `user_id` int(11) NOT NULL,
  `message` text NOT NULL,
  `created_at` timestamp NOT NULL DEFAULT current_timestamp()
) ENGINE=InnoDB DEFAULT CHARSET=utf8mb4 COLLATE=utf8mb4_general_ci;

--
-- Déchargement des données de la table `messagesgroups`
--

INSERT INTO `messagesgroups` (`message_id`, `group_id`, `user_id`, `message`, `created_at`) VALUES
(1, 14, 5, 'kk', '2024-05-17 18:59:38'),
(2, 14, 5, 'ff', '2024-05-17 19:04:05'),
(3, 14, 5, 'dd', '2024-05-17 19:07:08'),
(4, 14, 5, 'nj', '2024-05-17 19:11:13'),
(5, 14, 11, 'lol', '2024-05-17 19:14:17'),
(6, 1, 6, 'KK', '2024-05-17 19:21:50'),
(7, 14, 11, 'JJ', '2024-05-17 19:51:31'),
(8, 1, 5, 'SS', '2024-05-17 19:56:00'),
(9, 22, 5, 'DD', '2024-05-17 20:13:58'),
(10, 23, 6, 'FF', '2024-05-18 07:09:02'),
(11, 23, 5, 'KK', '2024-05-18 07:09:50');

-- --------------------------------------------------------

--
-- Structure de la table `notifications`
--

CREATE TABLE `notifications` (
  `id` int(11) NOT NULL,
  `user_id` int(11) NOT NULL,
  `type` varchar(20) NOT NULL,
  `publication_id` int(11) NOT NULL,
  `seen` tinyint(1) NOT NULL DEFAULT 0,
  `created_at` timestamp NOT NULL DEFAULT current_timestamp()
) ENGINE=InnoDB DEFAULT CHARSET=utf8mb4 COLLATE=utf8mb4_general_ci;

--
-- Déchargement des données de la table `notifications`
--

INSERT INTO `notifications` (`id`, `user_id`, `type`, `publication_id`, `seen`, `created_at`) VALUES
(28, 7, 'comment', 7, 0, '2024-05-13 06:42:39'),
(29, 7, 'like', 7, 0, '2024-05-13 06:42:42'),
(37, 6, 'comment', 16, 0, '2024-05-14 16:19:02'),
(38, 6, 'comment', 16, 0, '2024-05-15 09:16:49'),
(39, 10, 'comment', 17, 0, '2024-05-15 12:08:20'),
(40, 10, 'like', 17, 0, '2024-05-15 12:08:23'),
(41, 6, 'comment', 19, 0, '2024-05-17 07:21:20'),
(42, 6, 'like', 19, 0, '2024-05-17 07:21:22'),
(43, 6, 'comment', 19, 0, '2024-05-17 10:47:15'),
(44, 6, 'like', 19, 0, '2024-05-17 10:48:26'),
(45, 6, 'like', 18, 0, '2024-05-17 10:48:29'),
(46, 6, 'comment', 20, 0, '2024-05-17 20:46:13'),
(47, 6, 'like', 20, 0, '2024-05-17 20:46:17');

-- --------------------------------------------------------

--
-- Structure de la table `publications`
--

CREATE TABLE `publications` (
  `id` int(11) NOT NULL,
  `description` text DEFAULT NULL,
  `user_id` int(11) NOT NULL,
  `file_path` varchar(255) DEFAULT NULL,
  `file_name` varchar(255) DEFAULT NULL,
  `file_type` varchar(50) DEFAULT NULL,
  `created_at` timestamp NOT NULL DEFAULT current_timestamp(),
  `privacy` enum('public','friends','private') NOT NULL DEFAULT 'public'
) ENGINE=InnoDB DEFAULT CHARSET=utf8mb4 COLLATE=utf8mb4_general_ci;

--
-- Déchargement des données de la table `publications`
--

INSERT INTO `publications` (`id`, `description`, `user_id`, `file_path`, `file_name`, `file_type`, `created_at`, `privacy`) VALUES
(7, 'looool', 8, 'C:/xampp/htdocs/Algo projet/uploadscercle3.png', 'cercle3.png', 'image/png', '2024-05-13 06:33:55', 'friends'),
(8, 'cute', 7, 'C:/xampp/htdocs/Algo projet/uploads/photproftik.jpg', 'photproftik.jpg', 'image/jpeg', '2024-05-13 06:44:29', 'public'),
(10, 'n', 7, 'C:/xampp/htdocs/Algo projet/uploads/cercle3.png', 'cercle3.png', 'image/png', '2024-05-13 06:53:37', 'public'),
(14, 'S', 6, 'C:/xampp/htdocs/Algo projet/uploads/overrun1.mp4', 'overrun1.mp4', 'video/mp4', '2024-05-13 09:07:17', 'private'),
(16, 'lOOOK', 6, 'C:/xampp/htdocs/Algo projet/uploads/overrun3.mp4', 'overrun3.mp4', 'video/mp4', '2024-05-14 16:17:46', 'public'),
(17, 'Welcome to my GITHUB!', 10, 'C:/xampp/htdocs/Algo projet/uploads/algo.png', 'algo.png', 'image/png', '2024-05-15 12:07:37', 'public'),
(18, ',', 10, NULL, NULL, NULL, '2024-05-15 12:16:57', 'public'),
(19, 'all', 6, NULL, NULL, NULL, '2024-05-17 07:21:14', 'public'),
(20, 'DD', 6, 'C:/xampp/htdocs/Algo projet/uploads/R.jpeg', 'R.jpeg', 'image/jpeg', '2024-05-17 20:46:02', 'public');

-- --------------------------------------------------------

--
-- Structure de la table `recommendations`
--

CREATE TABLE `recommendations` (
  `id` int(11) NOT NULL,
  `user_id` int(11) NOT NULL,
  `recommended_user_id` int(11) NOT NULL,
  `reason` varchar(255) DEFAULT NULL
) ENGINE=InnoDB DEFAULT CHARSET=utf8mb4 COLLATE=utf8mb4_general_ci;

-- --------------------------------------------------------

--
-- Structure de la table `users`
--

CREATE TABLE `users` (
  `user_id` int(11) NOT NULL,
  `full_name` varchar(100) NOT NULL,
  `email` varchar(100) NOT NULL,
  `gender` enum('male','female','other') NOT NULL,
  `age` int(11) NOT NULL,
  `telephone` varchar(20) NOT NULL,
  `username` varchar(50) NOT NULL,
  `password` varchar(255) NOT NULL,
  `token` varchar(255) NOT NULL,
  `interests` varchar(100) NOT NULL
) ENGINE=InnoDB DEFAULT CHARSET=utf8mb4 COLLATE=utf8mb4_general_ci;

--
-- Déchargement des données de la table `users`
--

INSERT INTO `users` (`user_id`, `full_name`, `email`, `gender`, `age`, `telephone`, `username`, `password`, `token`, `interests`) VALUES
(1, 'John Doe', 'john@example.com', 'male', 30, '1234567890', 'johndoe', 'password123', '', ''),
(5, 'chenpp', 'ch@gmail.com', 'male', 21, '0768490677', 'phil', '$2y$10$3uadQj2MBY0moO7yyC9yLuYwxGdZNLaxLhpMo.cmLsOxXVWoK351W', 'e429acdca8de903808938cbbfc62a6f0d9e0b252a3ac16b91df6402edfa835c42b02043d983a3a840434dcaf6da0e2f71240ce31577de097d498bc51326bbcca', 'Football'),
(6, 'yang', 'yang@gmail.com', 'female', 20, '0712346789', 'yang', '$2y$10$Nk2jKISfkHVu3ZqWk4OxvO2iIMNmoUZUeKJtwDeY1TkF.sNjktEhW', '52a0bb9ef2064d82b861902063972ed0fcb7199a8247cd1d0f31079f646f2649fe3faf82b3ad226933e3d181229b3890aa860d18006c8162d4090f1b83a0e600', 'Football,Football'),
(7, 'toto', 'toto@gmail.com', 'male', 31, '0768490677', 'toto', '$2y$10$n8Rtk0ciRHHHWP6FmeKkremN5NFYX4chEMy2mj0r0H0ehbmoxGNja', 'ba8247b07b0a5b006e2330a5c6712f69ce2f049e9094a286141a8b9106651f727dd01e53926941fcd294da9930f6ce87ee3e98e9bc858e426ce7dc700506a7e8', ',Football,,,,,,'),
(8, 'marie', 'mari@gmail.com', 'female', 18, '0695865288', 'marie', '$2y$10$dowuKOTrDNlhYdQZHfo36e0jdo728Npmtc6//eVMjUNXiaPgbmNxy', '6067317d768241219d5f4ec5ed9ca3873e62412cbfae0896e752ff4650ffc8c68d57c09bd7c0546a3c2160197785978d432d56bc4192cfd681036f34c5a1bdeb', ''),
(9, 'coco', 'coco@gmail.com', 'male', 19, '0609585504', 'coco', '$2y$10$WJYuZzWW4Dbqd571aUVqze3D2sfW8TQ7M6RjO8D1n30LPwZcdGRxe', '8f986463a5c65381630c4d729da32ae304ce592dc728d314a9e45dbb407cfe0e987528795b80ffc008e4b4ff2be6c85b245c68006cd34ae9071ccd0083c5ade8', ',volley,volley,volley,volley,volley,volley,volley,volley,volley,volley,volley'),
(10, 'GUO Xiaofan', '1627319423@qq.com', 'female', 24, '18207147179', 'heyPetiteF', '$2y$10$Bko3uZuPwA8JMVuHZNiFI.PkNCCYAWDXYzv30RjJLsiqrQUTEl83K', '47c9099546d833f5c3d4c25e841954b7e83c09da7027322651207361993baf43d9dc1ea2d9f5a581c34d240b107eaf8c886d95b0dc7c4a6322f3226e5117ce25', ',volley,Football'),
(11, 'gogo', 'gogo@gmail.com', 'male', 20, '0695875389', 'gogo', '$2y$10$.vtEUZhlLcqyCysj.4.3zuZm/wMi1xUqA7vUicAcn8HsErhE4svYi', 'be61e7270a4c97e927f2b3782eaf9bbf7dbb2096335ef143cdbb02953fb6499b5c94404703bd1a0228664510db70069fab5c4cc106144458a86ef5cccb12bbc8', ''),
(12, 'Chen Philiek', 'chenphiliek2002@hotmail.com', 'male', 21, '0768490677', 'phiphi', '$2y$10$i42aksuTBRQBWOdJUpzc4ePGL8xRqk8ex0n/xVv2Riq0GYJtq2ff2', 'efe1bb841722f49c234e1ff819e717cf41713f70f578c13e674316efe2008310d174f6443fe83ae685315ef980b591b1865c', ''),
(13, 'Johnn Doe', 'johnn.doe@example.com', 'male', 25, '1234567890', 'johndoe', 'motdepasse1', 'token1', ''),
(14, 'Jane Doe', 'jane.doe@example.com', 'female', 30, '0987654321', 'janedoe', 'motdepasse2', 'token2', ''),
(15, 'Alice Smith', 'alice.smith@example.com', 'female', 28, '9876543210', 'alicesmith', 'motdepasse3', 'token3', ''),
(16, 'Bob Johnson', 'bob.johnson@example.com', 'male', 35, '0123456789', 'bobjohnson', 'motdepasse4', 'token4', ''),
(17, 'Emily Brown', 'emily.brown@example.com', 'female', 22, '4567890123', 'emilybrown', 'motdepasse5', 'token5', ''),
(18, 'Michael Wilson', 'michael.wilson@example.com', 'male', 40, '6789012345', 'michaelwilson', 'motdepasse6', 'token6', ''),
(19, 'Sarah Taylor', 'sarah.taylor@example.com', 'female', 27, '8901234567', 'sarahtaylor', 'motdepasse7', 'token7', ''),
(20, 'David Martinez', 'david.martinez@example.com', 'male', 29, '9012345678', 'davidmartinez', 'motdepasse8', 'token8', ''),
(21, 'Emma Rodriguez', 'emma.rodriguez@example.com', 'female', 32, '2345678901', 'emmarodriguez', 'motdepasse9', 'token9', ''),
(22, 'James Lee', 'james.lee@example.com', 'male', 26, '3456789012', 'jameslee', 'motdepasse10', 'token10', ''),
(23, 'Olivia Garcia', 'olivia.garcia@example.com', 'female', 33, '5678901234', 'oliviagarcia', 'motdepasse11', 'token11', ''),
(24, 'William Hernandez', 'william.hernandez@example.com', 'male', 31, '7890123456', 'williamhernandez', 'motdepasse12', 'token12', ''),
(25, 'Ava Martinez', 'ava.martinez@example.com', 'female', 29, '9012345678', 'avamartinez', 'motdepasse13', 'token13', ''),
(26, 'Joseph Lopez', 'joseph.lopez@example.com', 'male', 27, '0123456789', 'josephlopez', 'motdepasse14', 'token14', ''),
(27, 'Sophia Gonzalez', 'sophia.gonzalez@example.com', 'female', 24, '2345678901', 'sophiagonzalez', 'motdepasse15', 'token15', ''),
(28, 'Daniel Perez', 'daniel.perez@example.com', 'male', 32, '4567890123', 'danielperez', 'motdepasse16', 'token16', ''),
(29, 'Isabella Sanchez', 'isabella.sanchez@example.com', 'female', 28, '6789012345', 'isabellasanchez', 'motdepasse17', 'token17', ''),
(30, 'Alexander Ramirez', 'alexander.ramirez@example.com', 'male', 30, '8901234567', 'alexanderramirez', 'motdepasse18', 'token18', ''),
(31, 'Mia Torres', 'mia.torres@example.com', 'female', 26, '0123456789', 'miatorres', 'motdepasse19', 'token19', ''),
(32, 'David Walker', 'david.walker@example.com', 'male', 34, '2345678901', 'davidwalker', 'motdepasse20', 'token20', ''),
(33, 'Charlotte King', 'charlotte.king@example.com', 'female', 25, '3456789012', 'charlotteking', 'motdepasse21', 'token21', ''),
(34, 'James Mitchell', 'james.mitchell@example.com', 'male', 31, '5678901234', 'jamesmitchell', 'motdepasse22', 'token22', ''),
(35, 'Amelia Perez', 'amelia.perez@example.com', 'female', 30, '6789012345', 'ameliaperez', 'motdepasse23', 'token23', ''),
(36, 'John Cooper', 'john.cooper@example.com', 'male', 29, '7890123456', 'johncooper', 'motdepasse24', 'token24', ''),
(37, 'Sophia Cooper', 'sophia.cooper@example.com', 'female', 28, '8901234567', 'sophiacooper', 'motdepasse25', 'token25', ''),
(38, 'Michael Morgan', 'michael.morgan@example.com', 'male', 27, '9012345678', 'michaelmorgan', 'motdepasse26', 'token26', ''),
(39, 'Emily King', 'emily.king@example.com', 'female', 26, '0123456789', 'emilyking', 'motdepasse27', 'token27', ''),
(40, 'Benjamin Hill', 'benjamin.hill@example.com', 'male', 25, '1234567890', 'benjaminhill', 'motdepasse28', 'token28', ''),
(41, 'Madison Young', 'madison.young@example.com', 'female', 24, '2345678901', 'madisonyoung', 'motdepasse29', 'token29', ''),
(42, 'William Campbell', 'william.campbell@example.com', 'male', 23, '3456789012', 'williamcampbell', 'motdepasse30', 'token30', '');

-- --------------------------------------------------------

--
-- Structure de la table `user_interests`
--

CREATE TABLE `user_interests` (
  `user_id` int(11) NOT NULL,
  `interest_id` int(11) NOT NULL
) ENGINE=InnoDB DEFAULT CHARSET=utf8mb4 COLLATE=utf8mb4_general_ci;

--
-- Déchargement des données de la table `user_interests`
--

INSERT INTO `user_interests` (`user_id`, `interest_id`) VALUES
(6, 2),
(7, 1),
(7, 2),
(9, 3),
(10, 2),
(10, 3);

--
-- Index pour les tables déchargées
--

--
-- Index pour la table `comments`
--
ALTER TABLE `comments`
  ADD PRIMARY KEY (`id`),
  ADD KEY `publication_id` (`publication_id`),
  ADD KEY `user_id` (`user_id`);

--
-- Index pour la table `conversations`
--
ALTER TABLE `conversations`
  ADD PRIMARY KEY (`conversation_id`),
  ADD KEY `user1_id` (`user1_id`),
  ADD KEY `user2_id` (`user2_id`);

--
-- Index pour la table `friendships`
--
ALTER TABLE `friendships`
  ADD PRIMARY KEY (`user_id`,`friend_id`),
  ADD KEY `friend_id` (`friend_id`);

--
-- Index pour la table `friend_requests`
--
ALTER TABLE `friend_requests`
  ADD PRIMARY KEY (`request_id`),
  ADD KEY `from_user_id` (`from_user_id`),
  ADD KEY `to_user_id` (`to_user_id`);

--
-- Index pour la table `groups`
--
ALTER TABLE `groups`
  ADD PRIMARY KEY (`group_id`),
  ADD KEY `creator_id` (`creator_id`);

--
-- Index pour la table `group_members`
--
ALTER TABLE `group_members`
  ADD PRIMARY KEY (`group_id`,`user_id`),
  ADD KEY `user_id` (`user_id`);

--
-- Index pour la table `interests`
--
ALTER TABLE `interests`
  ADD PRIMARY KEY (`interest_id`);

--
-- Index pour la table `likes`
--
ALTER TABLE `likes`
  ADD PRIMARY KEY (`id`),
  ADD UNIQUE KEY `publication_id` (`publication_id`,`user_id`),
  ADD KEY `user_id` (`user_id`);

--
-- Index pour la table `mails`
--
ALTER TABLE `mails`
  ADD PRIMARY KEY (`id`);

--
-- Index pour la table `messages`
--
ALTER TABLE `messages`
  ADD PRIMARY KEY (`message_id`),
  ADD KEY `sender_id` (`sender_id`),
  ADD KEY `receiver_id` (`receiver_id`);

--
-- Index pour la table `messagesgroups`
--
ALTER TABLE `messagesgroups`
  ADD PRIMARY KEY (`message_id`),
  ADD KEY `group_id` (`group_id`),
  ADD KEY `user_id` (`user_id`);

--
-- Index pour la table `notifications`
--
ALTER TABLE `notifications`
  ADD PRIMARY KEY (`id`),
  ADD KEY `user_id` (`user_id`),
  ADD KEY `publication_id` (`publication_id`);

--
-- Index pour la table `publications`
--
ALTER TABLE `publications`
  ADD PRIMARY KEY (`id`),
  ADD KEY `user_id` (`user_id`);

--
-- Index pour la table `recommendations`
--
ALTER TABLE `recommendations`
  ADD PRIMARY KEY (`id`),
  ADD KEY `user_id` (`user_id`),
  ADD KEY `recommended_user_id` (`recommended_user_id`);

--
-- Index pour la table `users`
--
ALTER TABLE `users`
  ADD PRIMARY KEY (`user_id`);

--
-- Index pour la table `user_interests`
--
ALTER TABLE `user_interests`
  ADD PRIMARY KEY (`user_id`,`interest_id`),
  ADD KEY `interest_id` (`interest_id`);

--
-- AUTO_INCREMENT pour les tables déchargées
--

--
-- AUTO_INCREMENT pour la table `comments`
--
ALTER TABLE `comments`
  MODIFY `id` int(11) NOT NULL AUTO_INCREMENT, AUTO_INCREMENT=31;

--
-- AUTO_INCREMENT pour la table `friend_requests`
--
ALTER TABLE `friend_requests`
  MODIFY `request_id` int(11) NOT NULL AUTO_INCREMENT, AUTO_INCREMENT=1912;

--
-- AUTO_INCREMENT pour la table `groups`
--
ALTER TABLE `groups`
  MODIFY `group_id` int(11) NOT NULL AUTO_INCREMENT, AUTO_INCREMENT=25;

--
-- AUTO_INCREMENT pour la table `interests`
--
ALTER TABLE `interests`
  MODIFY `interest_id` int(11) NOT NULL AUTO_INCREMENT, AUTO_INCREMENT=4;

--
-- AUTO_INCREMENT pour la table `likes`
--
ALTER TABLE `likes`
  MODIFY `id` int(11) NOT NULL AUTO_INCREMENT, AUTO_INCREMENT=17;

--
-- AUTO_INCREMENT pour la table `mails`
--
ALTER TABLE `mails`
  MODIFY `id` int(11) NOT NULL AUTO_INCREMENT, AUTO_INCREMENT=6;

--
-- AUTO_INCREMENT pour la table `messages`
--
ALTER TABLE `messages`
  MODIFY `message_id` int(11) NOT NULL AUTO_INCREMENT, AUTO_INCREMENT=6;

--
-- AUTO_INCREMENT pour la table `messagesgroups`
--
ALTER TABLE `messagesgroups`
  MODIFY `message_id` int(11) NOT NULL AUTO_INCREMENT, AUTO_INCREMENT=12;

--
-- AUTO_INCREMENT pour la table `notifications`
--
ALTER TABLE `notifications`
  MODIFY `id` int(11) NOT NULL AUTO_INCREMENT, AUTO_INCREMENT=48;

--
-- AUTO_INCREMENT pour la table `publications`
--
ALTER TABLE `publications`
  MODIFY `id` int(11) NOT NULL AUTO_INCREMENT, AUTO_INCREMENT=21;

--
-- AUTO_INCREMENT pour la table `recommendations`
--
ALTER TABLE `recommendations`
  MODIFY `id` int(11) NOT NULL AUTO_INCREMENT;

--
-- AUTO_INCREMENT pour la table `users`
--
ALTER TABLE `users`
  MODIFY `user_id` int(11) NOT NULL AUTO_INCREMENT, AUTO_INCREMENT=43;

--
-- Contraintes pour les tables déchargées
--

--
-- Contraintes pour la table `comments`
--
ALTER TABLE `comments`
  ADD CONSTRAINT `comments_ibfk_1` FOREIGN KEY (`publication_id`) REFERENCES `publications` (`id`) ON DELETE CASCADE,
  ADD CONSTRAINT `comments_ibfk_2` FOREIGN KEY (`user_id`) REFERENCES `users` (`user_id`) ON DELETE CASCADE;

--
-- Contraintes pour la table `conversations`
--
ALTER TABLE `conversations`
  ADD CONSTRAINT `conversations_ibfk_1` FOREIGN KEY (`user1_id`) REFERENCES `users` (`user_id`),
  ADD CONSTRAINT `conversations_ibfk_2` FOREIGN KEY (`user2_id`) REFERENCES `users` (`user_id`);

--
-- Contraintes pour la table `friendships`
--
ALTER TABLE `friendships`
  ADD CONSTRAINT `friendships_ibfk_1` FOREIGN KEY (`user_id`) REFERENCES `users` (`user_id`),
  ADD CONSTRAINT `friendships_ibfk_2` FOREIGN KEY (`friend_id`) REFERENCES `users` (`user_id`);

--
-- Contraintes pour la table `friend_requests`
--
ALTER TABLE `friend_requests`
  ADD CONSTRAINT `friend_requests_ibfk_1` FOREIGN KEY (`from_user_id`) REFERENCES `users` (`user_id`),
  ADD CONSTRAINT `friend_requests_ibfk_2` FOREIGN KEY (`to_user_id`) REFERENCES `users` (`user_id`);

--
-- Contraintes pour la table `groups`
--
ALTER TABLE `groups`
  ADD CONSTRAINT `groups_ibfk_1` FOREIGN KEY (`creator_id`) REFERENCES `users` (`user_id`);

--
-- Contraintes pour la table `group_members`
--
ALTER TABLE `group_members`
  ADD CONSTRAINT `group_members_ibfk_1` FOREIGN KEY (`group_id`) REFERENCES `groups` (`group_id`),
  ADD CONSTRAINT `group_members_ibfk_2` FOREIGN KEY (`user_id`) REFERENCES `users` (`user_id`);

--
-- Contraintes pour la table `likes`
--
ALTER TABLE `likes`
  ADD CONSTRAINT `likes_ibfk_1` FOREIGN KEY (`publication_id`) REFERENCES `publications` (`id`) ON DELETE CASCADE,
  ADD CONSTRAINT `likes_ibfk_2` FOREIGN KEY (`user_id`) REFERENCES `users` (`user_id`) ON DELETE CASCADE;

--
-- Contraintes pour la table `messages`
--
ALTER TABLE `messages`
  ADD CONSTRAINT `messages_ibfk_1` FOREIGN KEY (`sender_id`) REFERENCES `users` (`user_id`),
  ADD CONSTRAINT `messages_ibfk_2` FOREIGN KEY (`receiver_id`) REFERENCES `users` (`user_id`);

--
-- Contraintes pour la table `messagesgroups`
--
ALTER TABLE `messagesgroups`
  ADD CONSTRAINT `messagesgroups_ibfk_1` FOREIGN KEY (`group_id`) REFERENCES `groups` (`group_id`),
  ADD CONSTRAINT `messagesgroups_ibfk_2` FOREIGN KEY (`user_id`) REFERENCES `users` (`user_id`);

--
-- Contraintes pour la table `notifications`
--
ALTER TABLE `notifications`
  ADD CONSTRAINT `notifications_ibfk_1` FOREIGN KEY (`user_id`) REFERENCES `users` (`user_id`),
  ADD CONSTRAINT `notifications_ibfk_2` FOREIGN KEY (`publication_id`) REFERENCES `publications` (`id`);

--
-- Contraintes pour la table `publications`
--
ALTER TABLE `publications`
  ADD CONSTRAINT `publications_ibfk_1` FOREIGN KEY (`user_id`) REFERENCES `users` (`user_id`);

--
-- Contraintes pour la table `recommendations`
--
ALTER TABLE `recommendations`
  ADD CONSTRAINT `recommendations_ibfk_1` FOREIGN KEY (`user_id`) REFERENCES `users` (`user_id`),
  ADD CONSTRAINT `recommendations_ibfk_2` FOREIGN KEY (`recommended_user_id`) REFERENCES `users` (`user_id`);

--
-- Contraintes pour la table `user_interests`
--
ALTER TABLE `user_interests`
  ADD CONSTRAINT `user_interests_ibfk_1` FOREIGN KEY (`user_id`) REFERENCES `users` (`user_id`),
  ADD CONSTRAINT `user_interests_ibfk_2` FOREIGN KEY (`interest_id`) REFERENCES `interests` (`interest_id`);
COMMIT;

/*!40101 SET CHARACTER_SET_CLIENT=@OLD_CHARACTER_SET_CLIENT */;
/*!40101 SET CHARACTER_SET_RESULTS=@OLD_CHARACTER_SET_RESULTS */;
/*!40101 SET COLLATION_CONNECTION=@OLD_COLLATION_CONNECTION */;
